0;0;0;147;sea;false;plains;1
1;0;0;147;land;false;plains;1
2;98;255;255;land;false;plains;1
3;8;8;147;land;false;plains;1
4;98;247;247;land;false;plains;1
5;16;16;147;land;false;plains;1
6;98;237;237;land;true;plains;1
7;212;179;179;sea;true;ocean;1
8;212;212;212;sea;false;ocean;1
9;212;129;129;sea;false;ocean;1
10;212;19;19;sea;false;ocean;1
11;212;89;89;sea;false;ocean;1
12;142;142;142;sea;false;ocean;1
13;142;99;99;sea;false;ocean;1
14;142;39;39;sea;false;ocean;1
15;142;9;9;sea;false;ocean;1
16;42;69;69;sea;false;ocean;1
17;202;29;29;sea;false;ocean;1
18;202;202;202;sea;false;ocean;1
19;202;19;19;sea;false;ocean;1
20;202;59;59;sea;false;ocean;1
21;12;9;9;sea;false;ocean;1
22;12;159;159;sea;false;ocean;1
23;12;19;19;sea;true;ocean;1
24;24;24;147;land;true;plains;1
25;98;227;227;land;false;plains;1
26;32;32;147;land;false;plains;1
27;98;217;217;land;false;plains;1
28;40;40;147;land;false;plains;1
29;98;207;207;land;false;plains;1
30;142;79;79;sea;true;ocean;1
31;142;129;129;sea;true;ocean;1
32;142;49;49;sea;true;ocean;1
33;10;45;45;land;true;plains;1
34;108;255;255;land;false;plains;1
35;108;247;247;land;false;plains;1
36;108;237;237;land;true;plains;1
37;42;19;19;sea;true;ocean;1
38;42;29;29;sea;false;ocean;1
39;10;55;55;land;true;plains;1
40;82;19;19;sea;false;ocean;1
41;82;129;129;sea;true;ocean;1
42;202;249;249;sea;false;ocean;1
43;202;159;159;sea;false;ocean;1
44;12;99;99;sea;false;ocean;1
45;10;135;135;land;true;plains;1
46;42;39;39;sea;false;ocean;1
47;202;219;219;sea;false;ocean;1
48;11;115;115;land;true;plains;1
49;20;105;105;land;true;plains;1
50;10;105;105;land;true;plains;1
51;10;85;85;land;true;plains;1
52;108;207;207;land;false;plains;1
53;10;35;35;land;true;plains;1
54;20;85;85;land;true;plains;1
55;10;225;225;land;false;urban;1
56;10;65;65;land;true;plains;1
57;0;0;137;land;false;plains;1
58;8;8;137;land;false;plains;1
59;16;16;137;land;false;plains;1
60;123;159;159;sea;true;ocean;1
61;123;139;139;sea;false;ocean;1
62;123;109;109;sea;false;ocean;1
63;242;219;219;sea;false;ocean;1
64;242;129;129;sea;false;ocean;1
65;242;39;39;sea;false;ocean;1
66;108;227;227;land;false;plains;1
67;108;217;217;land;false;plains;1
68;10;15;15;land;true;plains;1
69;20;55;55;land;true;plains;1
70;20;225;225;land;true;urban;1
71;24;24;137;land;true;plains;1
72;32;32;137;land;false;plains;1
73;40;40;137;land;false;plains;1
74;20;15;15;land;false;hills;1
75;10;25;25;land;true;plains;1
76;10;155;155;land;false;plains;1
77;20;75;75;land;true;plains;1
78;10;125;125;land;false;plains;1
79;42;9;9;sea;true;ocean;1
80;202;9;9;sea;true;ocean;1
81;12;39;39;sea;true;ocean;1
82;10;95;95;land;true;plains;1
83;40;65;65;land;true;plains;1
84;20;35;35;land;false;plains;1
85;12;189;189;sea;true;ocean;1
86;20;165;165;land;false;hills;1
87;40;105;105;land;true;plains;1
88;70;45;45;land;true;plains;1
89;20;95;95;land;true;plains;1
90;118;255;255;land;false;plains;1
91;118;247;247;land;false;plains;1
92;118;237;237;land;true;plains;1
93;82;59;59;sea;true;ocean;1
94;20;45;45;land;false;plains;1
95;202;79;79;sea;true;ocean;1
96;12;129;129;sea;false;ocean;1
97;10;0;0;land;true;plains;1
98;40;45;45;land;true;plains;1
99;70;15;15;land;true;plains;1
100;20;175;175;land;true;urban;1
101;21;155;155;land;false;plains;1
102;70;0;0;land;false;plains;1
103;70;25;25;land;true;plains;1
104;20;205;205;land;true;plains;1
105;40;35;35;land;true;plains;1
106;12;12;12;sea;false;ocean;1
107;60;225;225;land;true;urban;1
108;40;25;25;land;true;plains;1
109;60;15;15;land;true;plains;1
110;21;115;115;land;false;plains;1
111;70;35;35;land;true;plains;1
112;10;75;75;land;true;plains;1
113;60;95;95;land;true;plains;1
114;40;15;15;land;false;plains;1
115;242;19;19;sea;false;ocean;1
116;82;82;82;sea;false;ocean;1
117;20;65;65;land;false;plains;1
118;40;85;85;land;false;plains;1
119;80;15;15;land;true;plains;1
120;30;55;55;land;false;plains;1
121;60;215;215;land;true;urban;1
122;60;35;35;land;true;plains;1
123;20;25;25;land;false;plains;1
124;30;155;155;land;false;plains;1
125;60;55;55;land;true;plains;1
126;90;15;15;land;true;plains;1
127;90;235;235;land;true;urban;1
128;60;115;115;land;false;plains;1
129;60;155;155;land;false;plains;1
130;80;45;45;land;true;plains;1
131;40;95;95;land;false;plains;1
132;123;79;79;sea;false;ocean;1
133;80;105;105;land;true;plains;1
134;118;207;207;land;false;plains;1
135;80;25;25;land;true;plains;1
136;90;45;45;land;true;plains;1
137;90;245;245;land;true;urban;1
138;21;135;135;land;true;plains;1
139;40;0;0;land;false;plains;1
140;60;245;245;land;true;urban;1
141;90;155;155;land;true;plains;1
142;30;45;45;land;false;plains;1
143;90;65;65;land;false;plains;1
144;0;0;127;land;false;plains;1
145;8;8;127;land;false;plains;1
146;16;16;127;land;false;plains;1
147;122;29;29;sea;true;ocean;1
148;123;179;179;sea;false;ocean;1
149;242;59;59;sea;false;ocean;1
150;118;227;227;land;false;plains;1
151;118;217;217;land;false;plains;1
152;80;35;35;land;false;plains;1
153;80;65;65;land;false;plains;1
154;80;0;0;land;false;plains;1
155;30;135;135;land;false;plains;1
156;90;0;0;land;false;plains;1
157;60;85;85;land;false;plains;1
158;250;110;235;land;false;urban;1
159;20;0;0;land;false;plains;1
160;50;195;195;land;false;plains;1
161;90;25;25;land;false;plains;1
162;20;235;235;land;true;plains;1
163;60;165;165;land;false;plains;1
164;60;125;125;land;false;plains;1
165;50;5;5;land;false;plains;1
166;30;65;65;land;false;hills;1
167;30;75;75;land;false;plains;1
168;50;135;135;land;false;plains;1
169;12;79;79;sea;true;ocean;1
170;24;24;127;land;true;plains;1
171;32;32;127;land;false;plains;1
172;40;40;127;land;false;plains;1
173;90;55;55;land;true;plains;1
174;110;165;165;land;true;plains;1
175;30;25;25;land;false;plains;1
176;50;245;245;land;false;plains;1
177;20;195;195;land;true;plains;1
178;80;55;55;land;false;plains;1
179;242;99;99;sea;false;ocean;1
180;242;199;199;sea;false;ocean;1
181;30;115;115;land;false;plains;1
182;50;35;35;land;false;plains;1
183;90;35;35;land;false;plains;1
184;30;35;35;land;true;plains;1
185;50;65;65;land;false;plains;1
186;60;145;145;land;false;plains;1
187;90;135;135;land;false;plains;1
188;30;15;15;land;false;plains;1
189;110;185;185;land;false;plains;1
190;31;85;85;land;true;hills;1
191;30;175;175;land;true;plains;1
192;60;0;0;land;false;plains;1
193;100;15;15;land;false;forest;1
194;100;95;95;land;false;forest;1
195;110;45;45;land;true;plains;1
196;110;85;85;land;false;plains;1
197;82;9;9;sea;true;ocean;1
198;60;45;45;land;false;plains;1
199;100;0;0;land;false;plains;1
200;50;25;25;land;false;plains;1
201;110;235;235;land;true;urban;1
202;50;85;85;land;false;plains;1
203;30;125;125;land;false;plains;1
204;110;55;55;land;false;plains;1
205;110;145;145;land;true;plains;1
206;128;255;255;land;false;plains;1
207;128;247;247;land;false;plains;1
208;128;237;237;land;true;plains;1
209;122;9;9;sea;true;ocean;1
210;100;75;75;land;false;plains;1
211;100;65;65;land;false;plains;1
212;110;105;105;land;false;plains;1
213;50;175;175;land;false;plains;1
214;60;75;75;land;false;plains;1
215;60;65;65;land;false;plains;1
216;110;0;0;land;false;plains;1
217;100;25;25;land;false;plains;1
218;110;175;175;land;false;plains;1
219;100;115;115;land;false;plains;1
220;110;135;135;land;false;plains;1
221;242;179;179;sea;true;ocean;1
222;60;135;135;land;false;plains;1
223;110;25;25;land;true;plains;1
224;50;115;115;land;false;plains;1
225;30;0;0;land;false;plains;1
226;30;225;225;land;false;urban;1
227;30;105;105;land;false;plains;1
228;110;65;65;land;true;plains;1
229;110;245;245;land;false;urban;1
230;100;35;35;land;false;plains;1
231;100;45;45;land;false;plains;1
232;30;215;215;land;true;plains;1
233;160;75;75;land;false;plains;1
234;110;35;35;land;true;plains;1
235;242;139;139;sea;true;ocean;1
236;82;99;99;sea;true;ocean;1
237;82;39;39;sea;true;ocean;1
238;145;240;240;land;true;hills;1
239;205;240;240;land;true;plains;1
240;100;135;135;land;false;plains;1
241;50;45;45;land;false;plains;1
242;160;155;155;land;false;plains;1
243;50;155;155;land;false;plains;1
244;120;165;165;land;false;urban;1
245;100;55;55;land;false;plains;1
246;120;195;195;land;false;urban;1
247;160;55;55;land;false;plains;1
248;160;35;35;land;false;plains;1
249;160;65;65;land;false;plains;1
250;110;95;95;land;true;plains;1
251;120;105;105;land;false;urban;1
252;111;15;15;land;true;plains;1
253;225;240;240;land;true;urban;1
254;170;85;85;land;false;plains;1
255;110;125;125;land;true;plains;1
256;170;25;25;land;false;plains;1
257;162;99;99;sea;true;ocean;1
258;128;207;207;land;false;plains;1
259;125;240;240;land;true;hills;1
260;170;235;235;land;true;urban;1
261;130;25;25;land;false;urban;1
262;160;15;15;land;false;plains;1
263;120;15;15;land;false;urban;1
264;120;75;75;land;false;urban;1
265;121;105;105;land;false;urban;1
266;110;75;75;land;true;plains;1
267;190;15;15;land;false;plains;1
268;120;35;35;land;false;urban;1
269;120;135;135;land;true;urban;1
270;105;240;240;land;false;hills;1
271;185;200;200;land;true;hills;1
272;120;45;45;land;false;urban;1
273;170;175;175;land;true;plains;1
274;50;15;15;land;false;plains;1
275;160;235;235;land;false;plains;1
276;160;25;25;land;false;plains;1
277;50;0;0;land;false;plains;1
278;160;0;0;land;false;plains;1
279;121;125;125;land;false;urban;1
280;25;240;240;land;true;plains;1
281;120;25;25;land;false;urban;1
282;0;0;117;land;false;plains;1
283;8;8;117;land;false;plains;1
284;16;16;117;land;false;plains;1
285;35;21;35;land;true;plains;1
286;242;79;79;sea;true;ocean;1
287;82;49;49;sea;false;ocean;1
288;85;200;200;land;true;plains;1
289;170;205;205;land;true;plains;1
290;130;45;45;land;false;urban;1
291;120;95;95;land;false;urban;1
292;162;79;79;sea;false;ocean;1
293;162;149;149;sea;false;ocean;1
294;162;109;109;sea;true;ocean;1
295;128;227;227;land;false;plains;1
296;128;217;217;land;false;plains;1
297;85;240;240;land;true;hills;1
298;225;200;200;land;true;urban;1
299;185;240;240;land;false;hills;1
300;121;75;75;land;false;urban;1
301;120;0;0;land;false;urban;1
302;140;65;65;land;true;plains;1
303;140;235;235;land;true;urban;1
304;165;240;240;land;false;hills;1
305;120;65;65;land;false;urban;1
306;205;21;205;land;true;plains;1
307;121;245;245;land;false;urban;1
308;125;200;200;land;true;plains;1
309;50;95;95;land;false;plains;1
310;140;215;215;land;true;urban;1
311;180;125;125;land;false;plains;1
312;121;95;95;land;true;urban;1
313;245;240;240;land;true;urban;1
314;160;85;85;land;false;plains;1
315;120;55;55;land;false;urban;1
316;120;85;85;land;false;urban;1
317;65;250;250;land;true;plains;1
318;170;15;15;land;true;plains;1
319;160;95;95;land;false;plains;1
320;190;35;35;land;false;plains;1
321;130;55;55;land;false;urban;1
322;0;240;240;land;false;hills;1
323;120;205;205;land;false;urban;1
324;65;21;65;land;true;plains;1
325;105;200;200;land;false;hills;1
326;120;175;175;land;false;urban;1
327;140;25;25;land;true;plains;1
328;24;24;117;land;true;plains;1
329;32;32;117;land;false;plains;1
330;40;40;117;land;false;plains;1
331;120;185;185;land;false;urban;1
332;170;55;55;land;false;plains;1
333;170;115;115;land;true;plains;1
334;190;25;25;land;false;plains;1
335;120;215;215;land;false;urban;1
336;130;35;35;land;false;urban;1
337;115;240;240;land;true;plains;1
338;0;200;200;land;false;hills;1
339;160;105;105;land;false;plains;1
340;65;220;220;land;true;plains;1
341;65;240;240;land;false;hills;1
342;85;250;250;land;true;plains;1
343;170;185;185;land;true;plains;1
344;170;135;135;land;false;hills;1
345;150;35;35;land;false;plains;1
346;140;85;85;land;false;urban;1
347;123;199;199;sea;true;ocean;1
348;123;49;49;sea;false;ocean;1
349;130;15;15;land;false;urban;1
350;180;55;55;land;false;plains;1
351;140;115;115;land;false;plains;1
352;45;240;240;land;false;hills;1
353;180;155;155;land;false;plains;1
354;165;21;165;land;true;plains;1
355;140;95;95;land;false;plains;1
356;140;105;105;land;false;plains;1
357;170;45;45;land;false;plains;1
358;105;250;250;land;true;plains;1
359;85;220;220;land;true;plains;1
360;170;95;95;land;false;plains;1
361;180;15;15;land;false;plains;1
362;140;45;45;land;true;plains;1
363;141;15;15;land;true;plains;1
364;55;21;55;land;true;plains;1
365;165;200;200;land;false;hills;1
366;115;21;115;land;false;hills;1
367;145;200;200;land;false;hills;1
368;170;75;65;land;false;plains;1
369;150;15;15;land;false;plains;1
370;145;160;160;land;false;hills;1
371;150;25;25;land;false;plains;1
372;150;65;65;land;false;plains;1
373;150;0;0;land;false;plains;1
374;15;21;15;land;true;hills;1
375;0;220;220;land;false;hills;1
376;125;160;160;land;false;hills;1
377;180;235;235;land;false;urban;1
378;190;185;185;land;false;plains;1
379;105;21;105;land;false;plains;1
380;165;220;220;land;false;plains;1
381;180;0;0;land;false;plains;1
382;190;55;55;land;false;plains;1
383;25;220;220;land;false;hills;1
384;170;245;245;land;true;urban;1
385;180;65;65;land;false;plains;1
386;15;220;220;land;false;plains;1
387;140;0;0;land;false;plains;1
388;105;160;160;land;false;hills;1
389;170;35;35;land;true;plains;1
390;140;205;205;land;false;plains;1
391;140;145;145;land;true;plains;1
392;75;21;75;land;true;plains;1
393;145;250;250;land;true;plains;1
394;138;255;255;land;false;plains;1
395;138;247;247;land;false;plains;1
396;138;237;237;land;true;plains;1
397;242;9;9;sea;true;ocean;1
398;250;61;35;land;false;plains;1
399;190;155;155;land;false;plains;1
400;35;160;160;land;false;hills;1
401;25;11;25;land;true;plains;1
402;125;250;250;land;true;plains;1
403;170;0;0;land;false;plains;1
404;170;125;125;land;false;plains;1
405;150;55;55;land;false;plains;1
406;180;25;25;land;false;plains;1
407;150;95;95;land;false;plains;1
408;140;135;135;land;false;plains;1
409;170;215;215;land;false;plains;1
410;150;45;45;land;false;plains;1
411;140;125;125;land;true;plains;1
412;141;25;25;land;true;plains;1
413;0;160;160;land;false;hills;1
414;95;21;95;land;false;plains;1
415;85;21;85;land;true;plains;1
416;200;25;25;land;false;plains;1
417;250;60;65;land;false;hills;1
418;123;59;59;sea;false;ocean;1
419;82;139;139;sea;true;ocean;1
420;162;59;59;sea;true;ocean;1
421;180;35;35;land;false;plains;1
422;140;15;15;land;true;plains;1
423;195;11;195;land;true;hills;1
424;235;11;235;land;true;plains;1
425;245;20;245;land;true;plains;1
426;0;250;250;land;true;plains;1
427;105;220;220;land;false;plains;1
428;125;220;220;land;false;hills;1
429;75;160;160;land;false;hills;1
430;250;60;0;land;false;plains;1
431;140;175;175;land;false;plains;1
432;140;35;35;land;false;plains;1
433;145;220;220;land;false;hills;1
434;25;160;160;land;false;hills;1
435;190;125;125;land;false;plains;1
436;135;41;135;land;true;plains;1
437;85;11;85;land;false;hills;1
438;165;160;160;land;false;hills;1
439;250;60;105;land;false;plains;1
440;250;50;85;land;false;plains;1
441;190;0;0;land;false;plains;1
442;122;89;89;sea;true;ocean;1
443;200;0;0;land;false;plains;1
444;162;39;39;sea;false;ocean;1
445;250;40;45;land;false;plains;1
446;150;105;105;land;false;plains;1
447;32;99;99;sea;true;ocean;1
448;180;45;45;land;false;plains;1
449;140;55;55;land;false;plains;1
450;250;50;45;land;false;plains;1
451;55;11;55;land;false;hills;1
452;170;65;65;land;false;plains;1
453;155;41;155;land;true;plains;1
454;55;140;140;land;true;plains;1
455;250;20;15;land;false;plains;1
456;145;21;145;land;false;plains;1
457;140;75;75;land;false;plains;1
458;155;11;155;land;true;hills;1
459;125;140;140;land;false;hills;1
460;185;21;185;land;false;hills;1
461;0;20;0;land;false;plains;1
462;200;35;35;land;false;plains;1
463;45;180;180;land;false;hills;1
464;220;85;85;land;true;plains;1
465;220;95;95;land;true;plains;1
466;138;207;207;land;false;plains;1
467;32;32;32;sea;false;ocean;1
468;250;50;125;land;false;plains;1
469;210;45;45;land;false;plains;1
470;200;135;135;land;false;plains;1
471;250;20;35;land;false;plains;1
472;240;15;15;land;false;plains;1
473;55;160;160;land;false;hills;1
474;250;60;185;land;false;plains;1
475;250;60;235;land;false;urban;1
476;145;140;140;land;false;hills;1
477;220;75;75;land;true;plains;1
478;0;40;0;land;false;plains;1
479;75;41;75;land;true;plains;1
480;250;40;65;land;false;plains;1
481;250;60;145;land;false;hills;1
482;190;45;45;land;false;plains;1
483;200;115;115;land;false;plains;1
484;105;11;105;land;false;hills;1
485;32;229;229;sea;true;ocean;1
486;250;60;85;land;false;plains;1
487;35;41;35;land;true;plains;1
488;75;81;75;land;true;plains;1
489;220;0;0;land;true;urban;1
490;0;0;107;land;false;plains;1
491;8;8;107;land;false;plains;1
492;16;16;107;land;false;plains;1
493;210;15;15;land;false;plains;1
494;162;129;129;sea;true;ocean;1
495;138;227;227;land;false;plains;1
496;138;217;217;land;false;plains;1
497;0;140;140;land;true;plains;1
498;250;20;45;land;false;plains;1
499;250;50;145;land;false;plains;1
500;240;25;25;land;false;plains;1
501;210;35;35;land;false;plains;1
502;55;41;55;land;true;plains;1
503;205;180;180;land;false;hills;1
504;210;25;25;land;false;plains;1
505;125;180;180;land;false;hills;1
506;250;40;25;land;false;plains;1
507;0;10;0;land;false;hills;1
508;200;65;65;land;false;urban;1
509;55;81;55;land;true;plains;1
510;250;40;55;land;false;plains;1
511;250;50;255;land;false;urban;1
512;250;20;25;land;false;plains;1
513;220;55;55;land;true;plains;1
514;200;95;95;land;false;plains;1
515;220;65;65;land;false;plains;1
516;155;21;155;land;false;plains;1
517;135;21;135;land;false;plains;1
518;250;40;135;land;false;plains;1
519;250;50;0;land;false;plains;1
520;125;21;125;land;false;plains;1
521;32;69;69;sea;true;ocean;1
522;162;162;162;sea;false;ocean;1
523;24;24;107;land;true;plains;1
524;32;32;107;land;false;plains;1
525;40;40;107;land;false;plains;1
526;95;81;95;land;true;plains;1
527;165;11;165;land;true;plains;1
528;15;11;15;land;true;hills;1
529;95;140;140;land;false;hills;1
530;250;50;105;land;false;plains;1
531;250;50;25;land;false;plains;1
532;95;41;95;land;false;plains;1
533;250;40;95;land;false;plains;1
534;200;15;15;land;false;plains;1
535;15;51;15;land;false;plains;1
536;115;41;115;land;false;plains;1
537;85;180;180;land;false;hills;1
538;250;10;25;land;false;plains;1
539;165;180;180;land;false;hills;1
540;135;71;135;land;false;plains;1
541;250;60;125;land;false;plains;1
542;250;20;105;land;false;plains;1
543;240;200;200;land;false;plains;1
544;210;95;95;land;false;plains;1
545;95;11;95;land;false;plains;1
546;225;70;225;land;true;plains;1
547;210;75;75;land;false;plains;1
548;35;71;35;land;true;plains;1
549;250;20;55;land;false;plains;1
550;240;45;45;land;false;plains;1
551;250;50;205;land;false;plains;1
552;210;55;55;land;false;plains;1
553;0;180;180;land;false;hills;1
554;162;19;19;sea;true;ocean;1
555;220;45;45;land;false;plains;1
556;15;140;140;land;true;hills;1
557;240;35;35;land;false;plains;1
558;250;20;205;land;false;urban;1
559;250;20;0;land;false;plains;1
560;75;11;75;land;false;plains;1
561;245;80;245;land;true;urban;1
562;250;70;105;land;false;plains;1
563;250;10;75;land;false;plains;1
564;135;81;135;land;true;plains;1
565;75;140;140;land;false;hills;1
566;250;10;55;land;false;plains;1
567;250;70;45;land;false;plains;1
568;250;50;15;land;false;plains;1
569;250;41;215;land;false;plains;1
570;15;31;15;land;false;plains;1
571;105;81;105;land;true;plains;1
572;250;40;75;land;false;plains;1
573;250;40;185;land;false;plains;1
574;250;40;225;land;false;plains;1
575;250;20;85;land;false;plains;1
576;35;11;35;land;true;plains;1
577;240;55;55;land;false;plains;1
578;210;125;125;land;false;plains;1
579;123;89;89;sea;true;ocean;1
580;123;219;219;sea;false;ocean;1
581;165;81;165;land;false;plains;1
582;85;120;120;land;false;hills;1
583;25;51;25;land;false;plains;1
584;250;40;205;land;false;urban;1
585;210;65;65;land;false;plains;1
586;250;10;0;land;false;plains;1
587;55;31;55;land;false;plains;1
588;250;70;65;land;false;plains;1
589;250;50;185;land;false;plains;1
590;65;11;65;land;false;plains;1
591;250;40;0;land;false;plains;1
592;35;51;35;land;false;plains;1
593;210;0;0;land;false;plains;1
594;220;35;35;land;true;plains;1
595;65;31;65;land;false;plains;1
596;75;31;75;land;false;plains;1
597;0;120;120;land;false;hills;1
598;250;40;235;land;false;plains;1
599;250;70;145;land;false;plains;1
600;250;20;95;land;false;plains;1
601;220;25;25;land;false;plains;1
602;115;81;115;land;true;plains;1
603;250;20;75;land;false;plains;1
604;0;70;0;land;false;plains;1
605;250;90;95;land;false;plains;1
606;250;40;145;land;false;plains;1
607;240;65;65;land;false;plains;1
608;148;255;255;land;false;plains;1
609;148;247;247;land;false;plains;1
610;148;237;237;land;true;plains;1
611;115;71;115;land;false;plains;1
612;0;80;0;land;false;plains;1
613;125;120;120;land;false;hills;1
614;250;81;75;land;false;plains;1
615;250;50;35;land;false;urban;1
616;250;50;225;land;false;urban;1
617;250;41;245;land;false;urban;1
618;210;85;85;land;false;plains;1
619;230;45;45;land;false;plains;1
620;250;41;165;land;false;urban;1
621;250;10;35;land;false;plains;1
622;230;55;55;land;false;plains;1
623;250;70;25;land;false;plains;1
624;250;40;155;land;false;plains;1
625;240;75;75;land;false;plains;1
626;85;51;85;land;false;plains;1
627;55;91;55;land;false;plains;1
628;122;122;122;sea;false;ocean;1
629;45;120;120;land;false;hills;1
630;250;90;75;land;false;plains;1
631;240;85;85;land;false;plains;1
632;155;81;155;land;false;plains;1
633;250;40;215;land;false;urban;1
634;225;120;120;land;false;urban;1
635;250;81;125;land;false;urban;1
636;250;90;125;land;false;plains;1
637;122;19;19;sea;false;ocean;1
638;122;39;39;sea;true;ocean;1
639;250;20;115;land;false;plains;1
640;162;119;119;sea;false;ocean;1
641;105;31;105;land;false;plains;1
642;155;71;155;land;false;plains;1
643;250;10;15;land;false;plains;1
644;231;25;25;land;false;plains;1
645;45;11;45;land;true;plains;1
646;45;100;100;land;true;hills;1
647;250;40;255;land;false;urban;1
648;85;31;85;land;false;plains;1
649;115;31;115;land;false;plains;1
650;125;81;125;land;true;plains;1
651;240;95;95;land;false;plains;1
652;230;75;75;land;false;plains;1
653;250;81;25;land;false;plains;1
654;250;41;205;land;false;urban;1
655;145;81;145;land;false;plains;1
656;250;90;105;land;false;plains;1
657;250;90;165;land;false;plains;1
658;250;31;45;land;false;plains;1
659;105;120;120;land;false;hills;1
660;250;70;0;land;false;plains;1
661;250;80;145;land;false;urban;1
662;230;35;35;land;false;plains;1
663;145;120;120;land;false;hills;1
664;250;70;85;land;false;plains;1
665;25;31;25;land;true;plains;1
666;95;31;95;land;false;plains;1
667;240;0;0;land;false;plains;1
668;32;9;9;sea;true;ocean;1
669;250;81;235;land;false;urban;1
670;250;80;175;land;false;plains;1
671;0;30;0;land;false;plains;1
672;95;71;95;land;false;plains;1
673;220;15;15;land;true;plains;1
674;155;51;155;land;false;plains;1
675;250;40;35;land;false;plains;1
676;105;91;105;land;false;plains;1
677;250;80;75;land;false;plains;1
678;250;90;55;land;false;plains;1
679;250;20;65;land;false;plains;1
680;250;21;85;land;false;plains;1
681;250;81;135;land;false;plains;1
682;250;31;125;land;false;plains;1
683;250;21;15;land;false;urban;1
684;230;165;165;land;false;plains;1
685;35;31;35;land;true;plains;1
686;0;90;0;land;false;plains;1
687;35;81;35;land;true;plains;1
688;230;85;85;land;false;plains;1
689;250;91;255;land;false;urban;1
690;231;35;35;land;false;plains;1
691;250;70;165;land;false;plains;1
692;240;105;105;land;false;plains;1
693;55;71;55;land;false;plains;1
694;145;100;100;land;false;hills;1
695;250;81;85;land;false;plains;1
696;250;80;135;land;false;plains;1
697;15;61;15;land;true;plains;1
698;235;70;235;land;false;plains;1
699;148;207;207;land;false;plains;1
700;65;61;65;land;true;plains;1
701;250;31;85;land;false;plains;1
702;250;20;225;land;false;plains;1
703;230;25;25;land;false;plains;1
704;235;30;235;land;true;plains;1
705;95;51;95;land;false;plains;1
706;250;70;255;land;false;urban;1
707;250;31;0;land;false;plains;1
708;250;90;145;land;false;plains;1
709;230;65;65;land;true;plains;1
710;250;90;0;land;false;plains;1
711;45;31;45;land;true;plains;1
712;0;50;0;land;false;plains;1
713;75;91;75;land;false;plains;1
714;125;100;100;land;true;plains;1
715;65;120;120;land;false;hills;1
716;250;100;115;land;false;plains;1
717;230;205;205;land;false;urban;1
718;25;101;25;land;false;plains;1
719;250;130;15;land;false;plains;1
720;251;100;95;land;false;plains;1
721;185;60;60;land;true;plains;1
722;230;15;15;land;true;plains;1
723;250;70;225;land;false;plains;1
724;250;70;135;land;false;plains;1
725;250;100;45;land;false;plains;1
726;135;51;135;land;false;plains;1
727;250;70;75;land;false;plains;1
728;85;61;85;land;true;plains;1
729;85;101;85;land;true;plains;1
730;230;95;95;land;false;plains;1
731;230;155;155;land;false;plains;1
732;0;0;97;land;false;plains;1
733;8;8;97;land;false;plains;1
734;16;16;97;land;false;plains;1
735;32;59;59;sea;false;ocean;1
736;250;90;185;land;false;plains;1
737;148;227;227;land;false;plains;1
738;148;217;217;land;false;plains;1
739;75;71;75;land;false;plains;1
740;250;80;65;land;false;plains;1
741;0;100;100;land;false;hills;1
742;250;90;225;land;false;plains;1
743;105;61;105;land;false;plains;1
744;95;91;95;land;false;plains;1
745;250;80;95;land;false;plains;1
746;250;80;35;land;false;plains;1
747;45;61;45;land;true;plains;1
748;85;40;40;land;false;plains;1
749;250;91;75;land;false;plains;1
750;115;51;115;land;false;plains;1
751;0;100;0;land;false;plains;1
752;35;91;35;land;false;plains;1
753;250;90;205;land;false;urban;1
754;250;101;125;land;false;plains;1
755;230;105;105;land;true;urban;1
756;230;135;135;land;true;plains;1
757;230;0;0;land;false;plains;1
758;105;100;100;land;false;hills;1
759;250;130;25;land;false;plains;1
760;250;100;25;land;true;plains;1
761;231;15;15;land;true;plains;1
762;35;111;35;land;false;plains;1
763;32;179;179;sea;true;ocean;1
764;24;24;97;land;true;plains;1
765;32;32;97;land;false;plains;1
766;40;40;97;land;false;plains;1
767;250;120;15;land;false;plains;1
768;250;120;35;land;false;plains;1
769;250;100;85;land;false;plains;1
770;115;61;115;land;true;plains;1
771;0;60;0;land;false;plains;1
772;95;111;95;land;false;plains;1
773;45;60;60;land;true;plains;1
774;250;100;0;land;false;plains;1
775;62;49;49;sea;true;ocean;1
776;250;80;105;land;false;plains;1
777;250;90;35;land;false;plains;1
778;35;121;35;land;false;plains;1
779;250;70;245;land;false;plains;1
780;250;130;35;land;false;plains;1
781;85;100;100;land;false;plains;1
782;230;125;125;land;true;plains;1
783;5;201;255;lake;false;lakes;1
784;250;70;205;land;false;plains;1
785;250;80;15;land;false;plains;1
786;105;60;60;land;true;plains;1
787;250;130;55;land;false;plains;1
788;230;145;145;land;true;plains;1
789;125;61;125;land;false;plains;1
790;115;101;115;land;false;plains;1
791;45;51;45;land;false;plains;1
792;115;111;115;land;false;plains;1
793;65;100;100;land;false;hills;1
794;123;9;9;sea;false;ocean;1
795;250;70;185;land;false;plains;1
796;62;19;19;sea;true;ocean;1
797;62;229;229;sea;false;ocean;1
798;62;159;159;sea;false;ocean;1
799;62;129;129;sea;true;ocean;1
800;235;100;100;land;true;urban;1
801;230;115;115;land;true;plains;1
802;250;130;245;land;false;urban;1
803;250;120;225;land;false;urban;1
804;250;100;225;land;false;urban;1
805;65;51;65;land;false;plains;1
806;35;131;35;land;false;plains;1
807;125;40;40;land;false;plains;1
808;250;80;235;land;false;plains;1
809;251;100;205;land;true;plains;1
810;95;61;95;land;false;plains;1
811;65;101;65;land;true;plains;1
812;250;121;235;land;false;plains;1
813;250;100;15;land;false;plains;1
814;250;100;75;land;false;plains;1
815;250;101;135;land;false;plains;1
816;75;61;75;land;false;plains;1
817;75;111;75;land;false;plains;1
818;250;130;45;land;false;plains;1
819;205;60;60;land;true;plains;1
820;65;40;40;land;false;hills;1
821;250;140;95;land;false;plains;1
822;250;100;105;land;false;plains;1
823;250;120;255;land;false;urban;1
824;165;40;40;land;false;plains;1
825;123;229;229;sea;true;ocean;1
826;32;199;199;sea;true;ocean;1
827;135;40;40;land;false;hills;1
828;250;120;25;land;false;plains;1
829;0;110;0;land;false;plains;1
830;135;101;135;land;false;hills;1
831;125;60;60;land;false;mountain;1
832;250;120;215;land;false;plains;1
833;250;121;205;land;false;plains;1
834;250;120;55;land;false;plains;1
835;165;60;60;land;false;hills;1
836;250;140;85;land;false;plains;1
837;250;80;0;land;false;plains;1
838;125;121;125;land;false;plains;1
839;55;61;55;land;true;plains;1
840;55;131;55;land;false;plains;1
841;75;40;40;land;false;plains;1
842;250;130;65;land;false;plains;1
843;125;111;125;land;false;plains;1
844;250;100;35;land;true;plains;1
845;250;80;195;land;false;urban;1
846;105;101;105;land;false;plains;1
847;158;255;255;land;false;plains;1
848;158;247;247;land;false;plains;1
849;158;237;237;land;true;plains;1
850;123;69;69;sea;true;ocean;1
851;165;181;165;land;false;plains;1
852;155;181;155;land;false;plains;1
853;250;100;65;land;false;plains;1
854;250;100;235;land;false;urban;1
855;55;51;55;land;false;plains;1
856;25;40;40;land;false;hills;1
857;65;20;20;land;false;plains;1
858;0;40;40;land;false;hills;1
859;250;120;45;land;false;plains;1
860;105;111;105;land;false;plains;1
861;250;140;115;land;false;plains;1
862;0;120;0;land;false;plains;1
863;250;140;75;land;false;plains;1
864;250;130;75;land;false;plains;1
865;250;111;145;land;false;plains;1
866;55;111;55;land;false;plains;1
867;250;140;235;land;false;urban;1
868;250;80;115;land;false;plains;1
869;250;120;105;land;false;plains;1
870;45;101;45;land;true;plains;1
871;250;111;105;land;true;plains;1
872;85;80;80;land;true;plains;1
873;255;60;60;land;true;urban;1
874;45;40;40;land;false;plains;1
875;250;80;205;land;false;plains;1
876;250;120;0;land;false;plains;1
877;250;100;55;land;false;plains;1
878;105;121;105;land;false;plains;1
879;0;60;60;land;true;plains;1
880;32;119;119;sea;true;ocean;1
881;250;140;185;land;false;plains;1
882;35;61;35;land;true;plains;1
883;5;183;5;land;true;plains;1
884;105;20;20;land;false;plains;1
885;250;140;245;land;false;urban;1
886;250;130;125;land;false;plains;1
887;75;131;75;land;false;plains;1
888;95;131;95;land;false;plains;1
889;250;140;55;land;false;plains;1
890;250;120;115;land;false;plains;1
891;155;121;155;land;false;plains;1
892;145;80;80;land;true;plains;1
893;250;130;105;land;false;plains;1
894;250;140;195;land;true;plains;1
895;0;20;20;land;true;plains;1
896;250;100;95;land;false;plains;1
897;145;131;145;land;false;plains;1
898;250;141;55;land;false;plains;1
899;250;101;165;land;false;plains;1
900;205;80;80;land;true;plains;1
901;245;80;80;land;false;plains;1
902;245;60;60;land;true;urban;1
903;250;141;5;land;false;plains;1
904;250;111;135;land;false;plains;1
905;0;140;0;land;false;plains;1
906;250;140;145;land;false;plains;1
907;185;40;40;land;true;plains;1
908;250;130;225;land;false;urban;1
909;85;181;85;land;false;plains;1
910;0;180;0;land;false;plains;1
911;250;111;75;land;false;plains;1
912;0;130;0;land;false;plains;1
913;85;60;60;land;true;plains;1
914;145;20;20;land;true;plains;1
915;32;159;159;sea;true;ocean;1
916;25;181;25;land;false;plains;1
917;135;131;135;land;false;plains;1
918;45;140;45;land;true;plains;1
919;250;130;135;land;false;plains;1
920;250;130;85;land;false;plains;1
921;65;81;81;land;true;plains;1
922;45;20;20;land;true;plains;1
923;250;140;35;land;true;plains;1
924;105;131;105;land;false;plains;1
925;250;141;65;land;false;plains;1
926;250;140;45;land;true;urban;1
927;250;130;115;land;false;hills;1
928;250;140;225;land;false;urban;1
929;115;131;115;land;false;plains;1
930;250;120;85;land;false;plains;1
931;250;100;245;land;false;urban;1
932;250;140;65;land;true;urban;1
933;250;140;125;land;false;plains;1
934;250;141;75;land;false;plains;1
935;250;111;65;land;false;plains;1
936;250;111;115;land;true;plains;1
937;250;140;205;land;false;plains;1
938;250;130;95;land;false;plains;1
939;250;130;235;land;false;plains;1
940;250;120;65;land;false;plains;1
941;62;62;62;sea;false;ocean;1
942;158;207;207;land;false;plains;1
943;95;121;95;land;false;plains;1
944;55;121;55;land;false;plains;1
945;155;131;155;land;false;plains;1
946;75;121;75;land;false;plains;1
947;0;80;80;land;true;plains;1
948;250;141;25;land;true;plains;1
949;125;131;125;land;false;plains;1
950;245;140;245;land;true;urban;1
951;250;140;25;land;true;plains;1
952;35;181;35;land;true;plains;1
953;250;151;205;land;true;urban;1
954;250;140;165;land;false;plains;1
955;250;110;0;land;false;plains;1
956;65;181;65;land;true;plains;1
957;250;150;185;land;true;plains;1
958;250;131;15;land;false;plains;1
959;135;181;135;land;true;plains;1
960;35;171;35;land;false;plains;1
961;235;180;235;land;true;urban;1
962;75;140;75;land;false;plains;1
963;250;140;15;land;true;urban;1
964;250;162;35;land;false;plains;1
965;105;181;105;land;true;plains;1
966;250;140;175;land;false;plains;1
967;250;140;0;land;false;plains;1
968;145;181;145;land;false;plains;1
969;0;0;87;land;false;plains;1
970;8;8;87;land;false;plains;1
971;16;16;87;land;false;plains;1
972;250;130;145;land;false;hills;1
973;250;120;75;land;false;plains;1
974;250;110;55;land;false;plains;1
975;250;111;95;land;false;plains;1
976;158;227;227;land;false;plains;1
977;158;217;217;land;false;plains;1
978;25;140;25;land;true;plains;1
979;250;151;245;land;true;urban;1
980;250;120;95;land;false;plains;1
981;155;161;155;land;false;plains;1
982;250;162;105;land;false;hills;1
983;250;162;245;land;false;urban;1
984;250;151;235;land;false;urban;1
985;250;150;155;land;false;plains;1
986;250;111;125;land;true;plains;1
987;75;161;75;land;false;plains;1
988;250;162;235;land;false;urban;1
989;15;201;255;land;false;plains;1
990;0;160;0;land;false;plains;1
991;250;151;215;land;true;urban;1
992;250;151;185;land;false;urban;1
993;5;181;5;land;false;plains;1
994;250;140;215;land;false;urban;1
995;55;181;55;land;true;hills;1
996;35;150;35;land;false;plains;1
997;45;150;45;land;false;plains;1
998;250;141;215;land;false;urban;1
999;250;150;175;land;false;plains;1
1000;250;141;85;land;false;plains;1
1001;95;182;95;land;true;hills;1
1002;115;150;115;land;false;plains;1
1003;250;153;235;land;false;urban;1
1004;95;161;95;land;false;plains;1
1005;250;151;105;land;false;plains;1
1006;250;162;205;land;false;urban;1
1007;32;19;19;sea;false;ocean;1
1008;250;151;195;land;false;urban;1
1009;250;153;205;land;false;urban;1
1010;250;111;155;land;false;plains;1
1011;24;24;87;land;true;plains;1
1012;32;32;87;land;false;plains;1
1013;40;40;87;land;false;plains;1
1014;250;130;215;land;false;urban;1
1015;250;151;125;land;false;plains;1
1016;85;150;85;land;false;plains;1
1017;250;150;165;land;true;plains;1
1018;175;181;175;land;false;plains;1
1019;250;163;135;land;false;plains;1
1020;85;140;85;land;true;plains;1
1021;250;153;255;land;false;urban;1
1022;250;162;225;land;false;urban;1
1023;250;110;45;land;false;plains;1
1024;250;111;85;land;false;plains;1
1025;55;201;255;lake;false;lakes;1
1026;135;161;135;land;false;plains;1
1027;55;140;55;land;false;plains;1
1028;250;163;5;land;false;plains;1
1029;250;162;215;land;false;plains;1
1030;250;153;215;land;false;urban;1
1031;250;150;145;land;false;plains;1
1032;250;153;225;land;false;urban;1
1033;75;181;75;land;true;plains;1
1034;55;150;55;land;false;plains;1
1035;250;151;25;land;false;plains;1
1036;250;151;115;land;false;plains;1
1037;250;153;195;land;false;urban;1
1038;250;140;105;land;false;hills;1
1039;250;162;5;land;false;plains;1
1040;250;110;15;land;false;plains;1
1041;250;150;95;land;true;plains;1
1042;250;162;255;land;false;urban;1
1043;15;182;15;land;false;hills;1
1044;32;249;249;sea;false;ocean;1
1045;62;99;99;sea;false;ocean;1
1046;250;153;15;land;false;urban;1
1047;45;181;45;land;false;plains;1
1048;250;151;155;land;false;urban;1
1049;250;163;95;land;false;plains;1
1050;250;163;165;land;false;hills;1
1051;115;161;115;land;false;plains;1
1052;250;162;65;land;false;plains;1
1053;250;150;0;land;false;plains;1
1054;125;181;125;land;false;plains;1
1055;0;150;0;land;false;plains;1
1056;55;161;55;land;false;plains;1
1057;250;153;35;land;false;plains;1
1058;250;163;125;land;false;plains;1
1059;250;162;85;land;false;plains;1
1060;250;151;45;land;false;plains;1
1061;55;192;55;land;false;plains;1
1062;250;151;175;land;false;urban;1
1063;250;162;195;land;false;urban;1
1064;250;150;225;land;true;urban;1
1065;250;151;145;land;false;urban;1
1066;90;225;225;land;true;urban;1
1067;95;211;95;land;false;plains;1
1068;250;151;165;land;false;urban;1
1069;250;111;45;land;true;plains;1
1070;72;9;9;sea;true;ocean;1
1071;250;151;35;land;false;plains;1
1072;250;151;65;land;false;plains;1
1073;250;110;245;land;true;plains;1
1074;135;182;135;land;true;hills;1
1075;75;211;75;land;false;plains;1
1076;72;109;109;sea;true;ocean;1
1077;72;29;29;sea;false;ocean;1
1078;72;59;59;sea;false;ocean;1
1079;33;29;29;sea;true;ocean;1
1080;250;153;25;land;false;plains;1
1081;250;163;145;land;false;plains;1
1082;62;69;69;sea;false;ocean;1
1083;62;79;79;sea;false;ocean;1
1084;62;189;189;sea;true;ocean;1
1085;15;150;15;land;true;plains;1
1086;195;181;195;land;false;plains;1
1087;250;151;75;land;false;plains;1
1088;250;110;25;land;true;plains;1
1089;250;111;0;land;true;urban;1
1090;250;163;185;land;false;hills;1
1091;105;150;105;land;false;plains;1
1092;75;150;75;land;false;plains;1
1093;250;110;35;land;true;plains;1
1094;95;181;95;land;true;hills;1
1095;115;171;115;land;false;plains;1
1096;250;150;215;land;false;urban;1
1097;250;160;85;land;true;plains;1
1098;95;201;255;lake;false;lakes;1
1099;250;163;55;land;false;plains;1
1100;250;163;15;land;false;plains;1
1101;250;151;95;land;false;plains;1
1102;250;163;245;land;false;urban;1
1103;250;170;165;land;true;plains;1
1104;25;201;255;land;false;plains;1
1105;0;210;0;land;false;plains;1
1106;250;150;105;land;true;plains;1
1107;250;163;235;land;false;urban;1
1108;35;161;35;land;false;plains;1
1109;250;163;65;land;false;plains;1
1110;168;255;255;land;false;plains;1
1111;168;247;247;land;false;plains;1
1112;168;237;237;land;true;plains;1
1113;32;239;239;sea;true;ocean;1
1114;250;163;255;land;false;urban;1
1115;62;9;9;sea;true;ocean;1
1116;250;150;195;land;false;urban;1
1117;25;150;25;land;false;plains;1
1118;95;150;95;land;false;plains;1
1119;250;151;85;land;false;plains;1
1120;250;163;105;land;false;hills;1
1121;250;163;35;land;false;plains;1
1122;250;170;55;land;true;plains;1
1123;35;192;35;land;false;plains;1
1124;250;150;245;land;true;urban;1
1125;250;163;225;land;false;urban;1
1126;245;191;245;land;false;plains;1
1127;250;160;0;land;false;plains;1
1128;55;171;55;land;false;plains;1
1129;250;150;235;land;false;urban;1
1130;135;192;135;land;true;hills;1
1131;250;150;125;land;false;plains;1
1132;250;163;75;land;false;plains;1
1133;250;160;105;land;true;plains;1
1134;35;211;35;land;false;plains;1
1135;35;191;35;land;true;plains;1
1136;250;150;75;land;true;urban;1
1137;250;150;65;land;true;plains;1
1138;250;150;135;land;false;plains;1
1139;250;170;145;land;true;plains;1
1140;155;191;155;land;false;plains;1
1141;0;191;0;land;false;plains;1
1142;250;151;15;land;true;plains;1
1143;235;191;235;land;true;urban;1
1144;135;171;135;land;false;plains;1
1145;250;163;85;land;false;plains;1
1146;62;139;139;sea;false;ocean;1
1147;250;171;15;land;true;plains;1
1148;250;170;205;land;true;urban;1
1149;250;170;235;land;true;urban;1
1150;135;191;135;land;false;plains;1
1151;250;170;95;land;true;plains;1
1152;250;170;125;land;true;plains;1
1153;250;150;205;land;false;urban;1
1154;250;170;215;land;true;plains;1
1155;75;171;75;land;false;plains;1
1156;250;163;205;land;false;plains;1
1157;250;170;75;land;true;plains;1
1158;55;211;55;land;false;plains;1
1159;250;160;225;land;false;urban;1
1160;105;201;255;lake;false;lakes;1
1161;250;150;85;land;false;forest;1
1162;250;150;115;land;false;hills;1
1163;0;200;0;land;false;plains;1
1164;250;153;75;land;true;plains;1
1165;250;153;5;land;false;forest;1
1166;250;161;235;land;false;urban;1
1167;250;161;185;land;false;urban;1
1168;55;200;55;land;false;plains;1
1169;65;150;65;land;false;plains;1
1170;250;160;245;land;false;urban;1
1171;250;150;255;land;false;hills;1
1172;250;170;175;land;false;plains;1
1173;65;191;65;land;true;plains;1
1174;55;191;55;land;false;plains;1
1175;45;191;45;land;true;plains;1
1176;250;161;255;land;false;urban;1
1177;250;160;255;land;false;urban;1
1178;250;161;115;land;false;hills;1
1179;250;161;65;land;false;plains;1
1180;75;201;255;lake;false;lakes;1
1181;115;201;255;lake;false;lakes;1
1182;250;161;195;land;false;urban;1
1183;250;160;235;land;false;urban;1
1184;250;150;45;land;true;plains;1
1185;250;161;5;land;false;hills;1
1186;250;160;65;land;false;plains;1
1187;115;221;115;land;false;plains;1
1188;0;170;0;land;false;plains;1
1189;225;192;225;land;false;plains;1
1190;195;192;195;land;true;plains;1
1191;250;163;155;land;false;hills;1
1192;250;170;195;land;false;plains;1
1193;250;163;195;land;false;plains;1
1194;45;200;45;land;false;plains;1
1195;250;163;215;land;false;plains;1
1196;250;161;95;land;false;plains;1
1197;250;161;205;land;false;urban;1
1198;250;170;115;land;false;plains;1
1199;32;189;189;sea;true;ocean;1
1200;250;170;185;land;false;plains;1
1201;168;207;207;land;false;plains;1
1202;0;190;0;land;false;plains;1
1203;250;150;35;land;false;forest;1
1204;250;150;5;land;true;plains;1
1205;250;161;105;land;false;hills;1
1206;250;161;25;land;false;hills;1
1207;250;170;105;land;false;plains;1
1208;225;191;225;land;true;plains;1
1209;115;191;115;land;false;plains;1
1210;81;15;81;land;false;plains;1
1211;250;161;125;land;false;hills;1
1212;75;200;75;land;false;plains;1
1213;25;191;25;land;true;plains;1
1214;250;170;65;land;true;plains;1
1215;250;161;75;land;false;plains;1
1216;250;180;95;land;false;urban;1
1217;0;220;0;land;false;plains;1
1218;155;221;155;land;false;plains;1
1219;65;201;255;lake;false;lakes;1
1220;250;161;245;land;false;urban;1
1221;0;0;77;land;false;plains;1
1222;8;8;77;land;false;plains;1
1223;16;16;77;land;false;plains;1
1224;175;192;175;land;true;plains;1
1225;125;191;125;land;true;hills;1
1226;65;200;65;land;false;plains;1
1227;168;227;227;land;false;plains;1
1228;168;217;217;land;false;plains;1
1229;45;192;45;land;true;plains;1
1230;250;161;55;land;false;plains;1
1231;250;180;55;land;false;plains;1
1232;35;231;35;land;false;plains;1
1233;15;191;15;land;true;plains;1
1234;250;150;25;land;true;plains;1
1235;250;180;245;land;false;plains;1
1236;250;180;5;land;false;urban;1
1237;95;171;95;land;false;plains;1
1238;250;170;0;land;false;plains;1
1239;250;163;0;land;false;hills;1
1240;250;161;225;land;false;urban;1
1241;250;161;215;land;false;urban;1
1242;250;150;15;land;false;plains;1
1243;125;201;255;lake;false;lakes;1
1244;250;161;15;land;false;hills;1
1245;250;170;155;land;false;plains;1
1246;250;161;0;land;false;plains;1
1247;185;191;185;land;false;plains;1
1248;35;201;255;land;false;plains;1
1249;15;200;15;land;false;plains;1
1250;41;65;41;land;true;plains;1
1251;250;200;35;land;true;plains;1
1252;250;180;125;land;false;plains;1
1253;75;192;75;land;false;plains;1
1254;250;15;250;land;true;hills;1
1255;250;161;45;land;false;plains;1
1256;32;109;109;sea;true;ocean;1
1257;24;24;77;land;true;plains;1
1258;32;32;77;land;false;plains;1
1259;40;40;77;land;false;plains;1
1260;115;231;115;land;false;plains;1
1261;81;55;81;land;false;plains;1
1262;250;200;105;land;true;plains;1
1263;135;221;135;land;false;plains;1
1264;250;161;35;land;false;hills;1
1265;61;45;61;land;false;plains;1
1266;250;170;135;land;false;plains;1
1267;41;75;41;land;true;plains;1
1268;250;180;165;land;false;plains;1
1269;145;191;145;land;true;hills;1
1270;61;55;61;land;false;plains;1
1271;61;235;61;land;true;urban;1
1272;250;200;235;land;true;urban;1
1273;250;170;85;land;false;plains;1
1274;85;201;255;lake;false;lakes;1
1275;72;39;39;sea;true;ocean;1
1276;75;231;75;land;false;plains;1
1277;250;65;250;land;true;urban;1
1278;250;151;5;land;false;hills;1
1279;250;170;245;land;true;plains;1
1280;81;35;81;land;false;plains;1
1281;80;0;80;land;false;plains;1
1282;250;180;135;land;false;hills;1
1283;41;85;41;land;false;plains;1
1284;32;49;49;sea;true;ocean;1
1285;250;161;135;land;false;plains;1
1286;250;180;145;land;false;plains;1
1287;250;200;45;land;true;plains;1
1288;25;200;25;land;false;plains;1
1289;100;0;100;land;false;plains;1
1290;250;170;35;land;true;plains;1
1291;95;191;95;land;true;plains;1
1292;250;25;250;land;true;plains;1
1293;250;200;75;land;true;hills;1
1294;35;221;35;land;false;plains;1
1295;135;201;255;lake;false;lakes;1
1296;250;45;250;land;true;plains;1
1297;165;191;165;land;false;hills;1
1298;85;191;85;land;true;plains;1
1299;0;230;0;land;true;plains;1
1300;250;210;105;land;true;plains;1
1301;250;180;75;land;false;hills;1
1302;95;231;95;land;true;plains;1
1303;81;45;81;land;false;plains;1
1304;61;35;61;land;false;plains;1
1305;250;190;35;land;true;hills;1
1306;60;0;60;land;false;plains;1
1307;61;75;61;land;false;plains;1
1308;250;180;45;land;false;hills;1
1309;152;19;19;sea;true;ocean;1
1310;152;209;209;sea;false;ocean;1
1311;172;189;189;sea;false;ocean;1
1312;172;139;139;sea;false;ocean;1
1313;172;172;172;sea;false;ocean;1
1314;172;9;9;sea;true;ocean;1
1315;250;190;65;land;true;plains;1
1316;205;191;205;land;true;plains;1
1317;102;9;9;sea;true;ocean;1
1318;250;35;250;land;true;hills;1
1319;250;180;35;land;false;hills;1
1320;41;45;41;land;true;plains;1
1321;250;161;155;land;false;hills;1
1322;250;200;165;land;false;mountain;1
1323;250;181;125;land;false;plains;1
1324;250;0;250;land;true;hills;1
1325;95;221;95;land;false;plains;1
1326;250;200;0;land;false;mountain;1
1327;250;180;175;land;false;hills;1
1328;101;45;101;land;false;plains;1
1329;250;181;15;land;true;hills;1
1330;250;181;105;land;false;plains;1
1331;45;201;255;land;false;plains;1
1332;55;231;55;land;true;plains;1
1333;40;0;40;land;false;plains;1
1334;0;0;255;lake;false;lakes;1
1335;178;255;255;land;false;plains;1
1336;178;247;247;land;false;plains;1
1337;178;237;237;land;true;plains;1
1338;41;115;41;land;false;plains;1
1339;60;245;60;land;false;urban;1
1340;1;15;255;lake;false;lakes;1
1341;101;15;101;land;false;plains;1
1342;250;55;250;land;true;plains;1
1343;61;25;61;land;false;plains;1
1344;250;181;55;land;false;hills;1
1345;105;191;105;land;true;plains;1
1346;75;221;75;land;false;plains;1
1347;61;65;61;land;false;plains;1
1348;81;25;81;land;false;plains;1
1349;250;190;245;land;false;plains;1
1350;250;210;155;land;false;mountain;1
1351;145;201;255;lake;false;lakes;1
1352;41;25;41;land;true;plains;1
1353;250;210;115;land;true;plains;1
1354;250;190;125;land;false;hills;1
1355;250;180;85;land;false;plains;1
1356;101;25;101;land;false;plains;1
1357;41;55;41;land;true;plains;1
1358;250;190;145;land;false;mountain;1
1359;121;45;121;land;false;plains;1
1360;121;65;121;land;false;plains;1
1361;250;180;25;land;false;hills;1
1362;250;190;165;land;false;hills;1
1363;250;180;115;land;true;plains;1
1364;41;105;41;land;false;plains;1
1365;61;15;61;land;false;plains;1
1366;250;210;165;land;false;mountain;1
1367;250;181;185;land;false;plains;1
1368;165;201;255;lake;false;lakes;1
1369;250;181;95;land;false;hills;1
1370;250;190;105;land;false;mountain;1
1371;1;25;255;lake;false;lakes;1
1372;152;49;49;sea;true;ocean;1
1373;250;180;0;land;false;plains;1
1374;101;35;101;land;false;plains;1
1375;55;221;55;land;true;plains;1
1376;41;95;41;land;false;plains;1
1377;121;75;121;land;false;plains;1
1378;250;180;65;land;false;plains;1
1379;250;210;175;land;false;mountain;1
1380;250;190;85;land;false;mountain;1
1381;250;181;145;land;false;plains;1
1382;155;201;255;lake;false;lakes;1
1383;250;190;185;land;false;hills;1
1384;250;190;225;land;false;mountain;1
1385;121;55;121;land;false;plains;1
1386;250;180;15;land;false;hills;1
1387;250;181;25;land;true;plains;1
1388;1;105;255;lake;false;lakes;1
1389;135;240;135;land;true;plains;1
1390;1;35;255;lake;false;lakes;1
1391;25;25;255;lake;false;lakes;1
1392;21;15;21;land;false;plains;1
1393;250;220;15;land;false;plains;1
1394;72;99;99;sea;false;ocean;1
1395;32;139;139;sea;true;ocean;1
1396;32;219;219;sea;true;ocean;1
1397;250;211;15;land;true;plains;1
1398;1;45;255;lake;false;lakes;1
1399;178;207;207;land;false;plains;1
1400;41;15;41;land;true;plains;1
1401;250;210;225;land;true;plains;1
1402;1;85;255;land;false;lakes;1
1403;250;210;195;land;false;mountain;1
1404;41;35;41;land;true;plains;1
1405;250;220;255;land;false;urban;1
1406;1;95;255;lake;false;lakes;1
1407;250;190;0;land;false;plains;1
1408;121;95;121;land;false;plains;1
1409;1;75;255;lake;false;lakes;1
1410;250;220;185;land;false;plains;1
1411;250;180;235;land;false;urban;1
1412;250;181;235;land;true;urban;1
1413;250;210;185;land;false;mountain;1
1414;250;180;105;land;true;plains;1
1415;35;240;35;land;false;plains;1
1416;120;0;120;land;false;plains;1
1417;250;220;85;land;false;plains;1
1418;250;221;245;land;true;urban;1
1419;1;55;255;lake;false;lakes;1
1420;250;180;205;land;true;urban;1
1421;41;235;41;land;false;plains;1
1422;250;210;75;land;false;mountain;1
1423;250;190;205;land;false;hills;1
1424;102;49;49;sea;true;ocean;1
1425;121;85;121;land;false;plains;1
1426;20;195;20;land;false;plains;1
1427;0;0;67;land;false;plains;1
1428;8;8;67;land;false;plains;1
1429;16;16;67;land;false;plains;1
1430;40;195;40;land;true;plains;1
1431;152;79;79;sea;true;ocean;1
1432;178;227;227;land;false;plains;1
1433;178;217;217;land;false;plains;1
1434;250;220;165;land;true;plains;1
1435;121;15;121;land;false;plains;1
1436;40;245;40;land;true;urban;1
1437;20;245;20;land;true;urban;1
1438;250;210;215;land;true;urban;1
1439;250;210;125;land;true;plains;1
1440;21;25;21;land;false;plains;1
1441;35;35;50;land;true;plains;1
1442;1;65;255;lake;false;lakes;1
1443;45;240;45;land;true;plains;1
1444;120;235;120;land;false;plains;1
1445;20;215;20;land;true;plains;1
1446;250;220;55;land;false;plains;1
1447;250;220;25;land;false;hills;1
1448;250;220;35;land;false;plains;1
1449;102;159;159;sea;false;ocean;1
1450;250;210;0;land;false;mountain;1
1451;250;210;95;land;false;hills;1
1452;250;220;245;land;true;urban;1
1453;152;152;152;sea;false;ocean;1
1454;24;24;67;land;true;plains;1
1455;32;32;67;land;false;plains;1
1456;40;40;67;land;false;plains;1
1457;140;35;140;land;false;plains;1
1458;0;0;50;land;true;plains;1
1459;250;220;75;land;false;plains;1
1460;20;0;20;land;true;plains;1
1461;250;220;45;land;false;plains;1
1462;250;220;145;land;true;plains;1
1463;250;220;95;land;false;plains;1
1464;121;25;121;land;false;plains;1
1465;21;175;21;land;true;plains;1
1466;250;210;45;land;false;hills;1
1467;195;240;195;land;false;plains;1
1468;21;35;21;land;false;plains;1
1469;20;205;20;land;true;urban;1
1470;21;95;21;land;false;plains;1
1471;250;210;135;land;true;plains;1
1472;121;35;121;land;true;plains;1
1473;21;135;21;land;true;plains;1
1474;250;220;205;land;false;urban;1
1475;0;240;0;land;false;plains;1
1476;21;155;21;land;true;plains;1
1477;55;55;40;land;true;plains;1
1478;250;220;65;land;false;plains;1
1479;250;220;175;land;false;plains;1
1480;15;15;50;land;true;plains;1
1481;250;210;85;land;false;plains;1
1482;250;210;55;land;false;hills;1
1483;250;220;105;land;true;plains;1
1484;250;221;35;land;false;plains;1
1485;72;89;89;sea;true;ocean;1
1486;72;49;49;sea;false;ocean;1
1487;250;220;0;land;false;plains;1
1488;250;230;105;land;false;hills;1
1489;140;0;140;land;false;plains;1
1490;95;241;95;land;true;plains;1
1491;45;45;40;land;true;plains;1
1492;55;240;55;land;true;plains;1
1493;45;45;50;land;true;plains;1
1494;21;65;21;land;true;plains;1
1495;250;210;145;land;true;plains;1
1496;75;75;41;land;true;plains;1
1497;250;230;35;land;false;hills;1
1498;25;25;50;land;true;plains;1
1499;21;85;21;land;false;plains;1
1500;250;230;115;land;false;plains;1
1501;205;241;205;land;false;hills;1
1502;140;15;140;land;true;plains;1
1503;55;55;50;land;false;plains;1
1504;250;220;195;land;false;plains;1
1505;250;210;245;land;false;plains;1
1506;188;255;255;land;false;plains;1
1507;188;247;247;land;false;plains;1
1508;188;237;237;land;true;plains;1
1509;102;39;39;sea;true;ocean;1
1510;250;220;235;land;true;urban;1
1511;250;220;135;land;false;plains;1
1512;250;210;15;land;false;plains;1
1513;250;210;35;land;true;plains;1
1514;95;95;41;land;false;plains;1
1515;25;25;40;land;false;plains;1
1516;250;220;155;land;false;plains;1
1517;250;220;115;land;false;plains;1
1518;0;0;40;land;false;hills;1
1519;15;15;40;land;false;plains;1
1520;140;45;140;land;false;plains;1
1521;65;65;30;land;true;plains;1
1522;250;220;125;land;true;urban;1
1523;5;240;5;land;true;plains;1
1524;102;119;119;sea;true;ocean;1
1525;55;55;30;land;true;plains;1
1526;35;241;35;land;true;hills;1
1527;120;205;120;land;true;plains;1
1528;21;75;21;land;false;plains;1
1529;250;220;215;land;false;urban;1
1530;245;240;245;land;true;plains;1
1531;250;211;165;land;false;hills;1
1532;102;69;69;sea;true;ocean;1
1533;250;220;225;land;true;urban;1
1534;250;230;225;land;false;urban;1
1535;250;230;195;land;false;urban;1
1536;120;245;120;land;true;urban;1
1537;120;195;120;land;true;plains;1
1538;15;15;60;land;true;plains;1
1539;250;230;135;land;false;hills;1
1540;205;240;205;land;true;urban;1
1541;35;35;40;land;false;hills;1
1542;235;235;30;land;true;plains;1
1543;250;230;205;land;false;urban;1
1544;250;230;85;land;false;hills;1
1545;250;230;255;land;true;urban;1
1546;75;240;75;land;true;plains;1
1547;65;240;65;land;true;plains;1
1548;250;231;35;land;false;urban;1
1549;72;19;19;sea;false;ocean;1
1550;175;240;175;land;true;plains;1
1551;15;240;15;land;true;plains;1
1552;95;95;30;land;false;plains;1
1553;85;85;31;land;false;plains;1
1554;105;105;30;land;false;plains;1
1555;45;45;30;land;false;plains;1
1556;250;230;245;land;true;urban;1
1557;21;55;21;land;true;plains;1
1558;65;65;40;land;false;hills;1
1559;250;230;0;land;false;plains;1
1560;140;25;140;land;true;plains;1
1561;250;230;65;land;false;hills;1
1562;250;230;155;land;false;hills;1
1563;25;25;30;land;false;hills;1
1564;45;45;20;land;false;hills;1
1565;172;219;219;sea;false;ocean;1
1566;172;29;29;sea;false;ocean;1
1567;172;39;39;sea;false;ocean;1
1568;188;207;207;land;false;plains;1
1569;21;45;21;land;true;plains;1
1570;55;55;61;land;true;plains;1
1571;250;230;235;land;true;plains;1
1572;25;240;25;land;true;plains;1
1573;85;85;30;land;false;hills;1
1574;115;115;30;land;false;plains;1
1575;25;25;60;land;false;plains;1
1576;35;35;30;land;false;hills;1
1577;250;230;55;land;false;hills;1
1578;0;0;57;land;false;plains;1
1579;8;8;57;land;false;plains;1
1580;16;16;57;land;false;plains;1
1581;152;179;179;sea;false;ocean;1
1582;172;79;79;sea;true;ocean;1
1583;188;227;227;land;false;plains;1
1584;188;217;217;land;false;plains;1
1585;250;230;125;land;true;plains;1
1586;0;0;30;land;false;hills;1
1587;250;230;145;land;false;hills;1
1588;75;75;20;land;false;hills;1
1589;55;55;20;land;false;hills;1
1590;21;115;21;land;true;plains;1
1591;75;75;30;land;false;hills;1
1592;135;135;61;land;true;plains;1
1593;152;109;109;sea;true;ocean;1
1594;172;109;109;sea;false;ocean;1
1595;24;24;57;land;true;plains;1
1596;32;32;57;land;false;plains;1
1597;40;40;57;land;false;plains;1
1598;15;15;30;land;false;hills;1
1599;25;21;250;land;true;plains;1
1600;85;85;61;land;false;plains;1
1601;250;230;15;land;true;plains;1
1602;105;241;105;land;true;plains;1
1603;35;35;120;land;false;hills;1
1604;250;230;45;land;false;hills;1
1605;105;105;31;land;false;hills;1
1606;65;65;20;land;false;hills;1
1607;85;85;20;land;false;hills;1
1608;250;231;155;land;false;plains;1
1609;75;75;61;land;false;plains;1
1610;102;189;189;sea;false;ocean;1
1611;102;19;19;sea;true;ocean;1
1612;0;0;20;land;false;hills;1
1613;0;0;70;land;false;hills;1
1614;102;249;249;sea;true;ocean;1
1615;35;35;70;land;false;hills;1
1616;15;15;90;land;false;hills;1
1617;255;255;60;land;true;plains;1
1618;35;21;250;land;true;plains;1
1619;0;0;60;land;false;plains;1
1620;15;21;250;land;true;plains;1
1621;250;230;75;land;false;plains;1
1622;25;25;70;land;false;hills;1
1623;135;135;21;land;false;hills;1
1624;15;15;120;land;false;plains;1
1625;35;35;20;land;false;hills;1
1626;35;35;60;land;true;plains;1
1627;25;25;120;land;false;hills;1
1628;95;95;61;land;false;plains;1
1629;198;255;255;land;false;plains;1
1630;198;247;247;land;false;plains;1
1631;198;237;237;land;true;plains;1
1632;250;230;25;land;true;plains;1
1633;250;231;5;land;false;plains;1
1634;25;25;20;land;false;hills;1
1635;15;15;70;land;false;hills;1
1636;0;0;90;land;false;hills;1
1637;95;21;250;land;true;plains;1
1638;55;55;91;land;false;hills;1
1639;45;21;250;land;true;plains;1
1640;225;225;60;land;false;urban;1
1641;25;25;90;land;false;hills;1
1642;55;55;120;land;false;plains;1
1643;102;169;169;sea;false;ocean;1
1644;135;21;250;land;true;plains;1
1645;15;15;20;land;false;hills;1
1646;45;45;60;land;true;plains;1
1647;250;231;195;land;true;plains;1
1648;35;35;10;land;false;hills;1
1649;65;65;60;land;false;plains;1
1650;45;45;120;land;false;plains;1
1651;0;0;10;land;false;plains;1
1652;45;45;90;land;false;plains;1
1653;75;21;250;land;true;plains;1
1654;75;75;120;land;false;plains;1
1655;95;95;11;land;false;plains;1
1656;15;15;100;land;false;hills;1
1657;152;139;139;sea;false;ocean;1
1658;25;25;10;land;false;hills;1
1659;15;15;130;land;false;plains;1
1660;35;35;90;land;false;plains;1
1661;125;21;250;land;true;plains;1
1662;250;231;235;land;true;plains;1
1663;65;65;120;land;false;plains;1
1664;15;11;250;land;true;plains;1
1665;55;21;250;land;true;plains;1
1666;250;230;95;land;true;plains;1
1667;0;0;100;land;false;plains;1
1668;55;55;60;land;true;plains;1
1669;25;11;250;land;true;plains;1
1670;85;85;11;land;false;plains;1
1671;85;85;120;land;false;plains;1
1672;198;207;207;land;false;plains;1
1673;0;0;130;land;false;plains;1
1674;175;175;121;land;false;urban;1
1675;25;25;100;land;false;plains;1
1676;55;55;10;land;false;plains;1
1677;105;21;250;land;true;plains;1
1678;65;21;250;land;true;plains;1
1679;45;45;10;land;true;plains;1
1680;35;35;100;land;false;plains;1
1681;35;35;130;land;true;plains;1
1682;55;55;100;land;false;plains;1
1683;102;102;102;sea;false;ocean;1
1684;145;21;250;land;true;plains;1
1685;215;215;121;land;false;urban;1
1686;15;15;110;land;false;plains;1
1687;35;11;250;land;true;plains;1
1688;45;45;130;land;false;plains;1
1689;0;0;47;land;false;plains;1
1690;8;8;47;land;false;plains;1
1691;16;16;47;land;false;plains;1
1692;65;65;100;land;false;plains;1
1693;198;227;227;land;false;plains;1
1694;198;217;217;land;false;plains;1
1695;185;185;121;land;false;urban;1
1696;45;45;80;land;false;plains;1
1697;15;15;10;land;true;plains;1
1698;165;165;121;land;false;urban;1
1699;45;45;100;land;false;plains;1
1700;205;205;121;land;false;urban;1
1701;255;255;121;land;false;urban;1
1702;112;19;19;sea;true;ocean;1
1703;45;11;250;land;true;plains;1
1704;195;195;121;land;false;urban;1
1705;0;0;120;land;false;plains;1
1706;0;0;80;land;false;plains;1
1707;195;195;100;land;false;urban;1
1708;0;0;140;land;false;plains;1
1709;0;0;110;land;false;plains;1
1710;25;25;130;land;true;plains;1
1711;205;205;100;land;true;urban;1
1712;0;20;250;land;true;plains;1
1713;24;24;47;land;true;plains;1
1714;32;32;47;land;false;plains;1
1715;40;40;47;land;false;plains;1
1716;235;235;180;land;true;plains;1
1717;35;35;80;land;true;plains;1
1718;25;25;80;land;true;plains;1
1719;235;235;130;land;true;urban;1
1720;35;35;150;land;false;plains;1
1721;225;225;100;land;true;urban;1
1722;15;15;180;land;true;plains;1
1723;225;225;150;land;false;plains;1
1724;25;25;110;land;true;plains;1
1725;95;95;150;land;false;plains;1
1726;75;75;150;land;false;plains;1
1727;0;0;180;land;true;plains;1
1728;255;255;100;land;true;urban;1
1729;0;0;150;land;false;plains;1
1730;35;35;110;land;true;plains;1
1731;115;21;250;land;true;plains;1
1732;72;189;189;sea;true;ocean;1
1733;72;209;209;sea;false;ocean;1
1734;72;229;229;sea;false;ocean;1
1735;15;15;80;land;true;plains;1
1736;112;139;139;sea;false;ocean;1
1737;55;11;250;land;true;plains;1
1738;35;35;180;land;true;plains;1
1739;205;205;150;land;false;plains;1
1740;25;25;150;land;true;plains;1
1741;95;11;250;land;true;plains;1
1742;3;25;255;lake;false;lakes;1
1743;255;255;180;land;true;urban;1
1744;85;21;250;land;true;plains;1
1745;65;65;150;land;false;plains;1
1746;95;95;170;land;true;plains;1
1747;105;105;170;land;true;plains;1
1748;85;85;150;land;false;plains;1
1749;155;21;250;land;true;plains;1
1750;15;15;160;land;true;plains;1
1751;45;45;180;land;true;plains;1
1752;115;115;170;land;false;plains;1
1753;15;15;150;land;false;plains;1
1754;235;235;150;land;false;plains;1
1755;0;0;170;land;false;plains;1
1756;65;11;250;land;true;plains;1
1757;35;35;160;land;false;plains;1
1758;208;255;255;land;false;plains;1
1759;208;247;247;land;false;plains;1
1760;208;237;237;land;true;plains;1
1761;85;85;170;land;true;plains;1
1762;112;79;79;sea;false;ocean;1
1763;45;45;150;land;false;plains;1
1764;105;11;250;land;true;plains;1
1765;125;125;190;land;false;plains;1
1766;95;95;190;land;false;plains;1
1767;0;0;160;land;false;plains;1
1768;0;0;181;land;false;plains;1
1769;15;15;181;land;false;plains;1
1770;3;35;255;lake;false;lakes;1
1771;35;35;170;land;true;plains;1
1772;205;11;250;land;true;plains;1
1773;35;35;181;land;false;plains;1
1774;25;25;180;land;true;hills;1
1775;135;135;190;land;false;plains;1
1776;132;69;69;sea;false;ocean;1
1777;132;149;149;sea;false;ocean;1
1778;132;229;229;sea;false;ocean;1
1779;132;132;132;sea;true;ocean;1
1780;145;145;190;land;false;plains;1
1781;65;65;170;land;false;plains;1
1782;3;15;255;lake;false;lakes;1
1783;85;11;250;land;true;plains;1
1784;75;75;170;land;false;plains;1
1785;105;105;190;land;false;plains;1
1786;25;25;170;land;true;plains;1
1787;55;55;190;land;false;plains;1
1788;25;25;190;land;true;plains;1
1789;102;149;149;sea;true;ocean;1
1790;112;49;49;sea;true;ocean;1
1791;45;91;250;land;true;plains;1
1792;215;11;250;land;true;plains;1
1793;55;55;170;land;true;plains;1
1794;65;91;250;land;true;plains;1
1795;45;45;190;land;false;forest;1
1796;15;15;170;land;true;plains;1
1797;112;112;112;sea;false;ocean;1
1798;208;207;207;land;false;plains;1
1799;55;91;250;land;true;plains;1
1800;15;15;190;land;true;plains;1
1801;3;45;255;lake;false;lakes;1
1802;195;11;250;land;true;plains;1
1803;115;115;190;land;false;plains;1
1804;135;11;250;land;true;forest;1
1805;35;35;190;land;false;forest;1
1806;235;235;190;land;false;plains;1
1807;165;165;190;land;false;plains;1
1808;0;0;37;land;false;plains;1
1809;8;8;37;land;false;plains;1
1810;16;16;37;land;false;plains;1
1811;208;227;227;land;false;plains;1
1812;208;217;217;land;false;plains;1
1813;115;11;250;land;true;plains;1
1814;245;245;200;land;true;urban;1
1815;75;91;250;land;true;plains;1
1816;0;10;250;land;true;forest;1
1817;3;55;255;lake;false;lakes;1
1818;25;25;200;land;true;plains;1
1819;25;91;250;land;true;plains;1
1820;185;91;250;land;true;plains;1
1821;15;15;200;land;false;plains;1
1822;85;85;191;land;false;plains;1
1823;75;75;190;land;false;plains;1
1824;35;91;250;land;true;plains;1
1825;105;91;250;land;true;plains;1
1826;24;24;37;land;true;plains;1
1827;32;32;37;land;false;plains;1
1828;40;40;37;land;false;plains;1
1829;35;35;200;land;false;plains;1
1830;125;11;250;land;true;plains;1
1831;95;91;250;land;true;plains;1
1832;45;45;200;land;true;plains;1
1833;65;65;190;land;false;forest;1
1834;15;91;250;land;true;plains;1
1835;15;15;191;land;false;forest;1
1836;65;65;200;land;false;plains;1
1837;0;0;190;land;false;mountain;1
1838;0;90;250;land;true;plains;1
1839;102;29;29;sea;true;ocean;1
1840;132;49;49;sea;false;ocean;1
1841;132;129;129;sea;false;ocean;1
1842;132;209;209;sea;false;ocean;1
1843;132;99;99;sea;true;ocean;1
1844;3;65;255;lake;false;lakes;1
1845;75;75;200;land;false;mountain;1
1846;85;91;250;land;true;plains;1
1847;115;91;250;land;true;hills;1
1848;25;30;250;land;true;forest;1
1849;85;85;190;land;false;forest;1
1850;155;155;190;land;false;forest;1
1851;55;55;200;land;true;plains;1
1852;3;85;255;lake;false;lakes;1
1853;218;255;255;land;false;plains;1
1854;218;247;247;land;false;plains;1
1855;218;237;237;land;true;plains;1
1856;3;135;255;land;false;plains;1
1857;92;9;9;sea;true;ocean;1
1858;92;92;92;sea;false;ocean;1
1859;3;95;255;lake;false;lakes;1
1860;75;41;250;land;true;plains;1
1861;0;0;200;land;false;forest;1
1862;3;105;255;lake;false;lakes;1
1863;85;85;200;land;false;plains;1
1864;25;25;201;land;true;plains;1
1865;3;75;255;lake;false;lakes;1
1866;35;31;250;land;false;mountain;1
1867;55;55;191;land;false;mountain;1
1868;45;45;201;land;false;plains;1
1869;195;111;250;land;true;plains;1
1870;3;115;255;lake;false;lakes;1
1871;15;101;250;land;true;plains;1
1872;0;40;250;land;true;hills;1
1873;3;145;255;lake;false;lakes;1
1874;105;41;250;land;false;hills;1
1875;45;45;220;land;false;mountain;1
1876;35;35;201;land;true;plains;1
1877;25;101;250;land;true;plains;1
1878;3;125;255;lake;false;lakes;1
1879;45;31;250;land;false;mountain;1
1880;15;111;250;land;true;plains;1
1881;3;155;255;lake;false;lakes;1
1882;55;30;250;land;false;mountain;1
1883;15;15;220;land;false;mountain;1
1884;0;0;210;land;false;plains;1
1885;95;41;250;land;false;mountain;1
1886;35;101;250;land;true;plains;1
1887;3;175;255;lake;false;lakes;1
1888;135;135;221;land;false;mountain;1
1889;22;159;159;sea;true;ocean;1
1890;22;39;39;sea;false;ocean;1
1891;22;129;129;sea;true;ocean;1
1892;218;207;207;land;false;plains;1
1893;65;41;250;land;true;plains;1
1894;75;75;221;land;false;mountain;1
1895;15;15;201;land;true;plains;1
1896;65;101;250;land;true;plains;1
1897;25;25;220;land;false;forest;1
1898;0;0;27;land;false;plains;1
1899;8;8;27;land;false;plains;1
1900;16;16;27;land;false;plains;1
1901;92;219;219;sea;false;ocean;1
1902;218;227;227;land;false;plains;1
1903;218;217;217;land;false;plains;1
1904;45;101;250;land;true;plains;1
1905;3;195;255;lake;false;lakes;1
1906;3;165;255;lake;false;lakes;1
1907;85;41;250;land;false;hills;1
1908;205;111;250;land;true;plains;1
1909;3;185;255;lake;false;lakes;1
1910;75;30;250;land;false;mountain;1
1911;55;41;250;land;true;mountain;1
1912;135;31;250;land;false;mountain;1
1913;0;0;220;land;false;plains;1
1914;15;15;230;land;false;forest;1
1915;3;205;255;lake;false;lakes;1
1916;25;111;250;land;true;plains;1
1917;72;179;179;sea;true;ocean;1
1918;72;139;139;sea;false;ocean;1
1919;72;119;119;sea;false;ocean;1
1920;65;30;250;land;false;mountain;1
1921;24;24;27;land;true;plains;1
1922;32;32;27;land;false;plains;1
1923;40;40;27;land;false;plains;1
1924;85;101;250;land;true;plains;1
1925;3;215;255;lake;false;lakes;1
1926;3;225;255;lake;false;lakes;1
1927;35;35;220;land;false;mountain;1
1928;105;105;220;land;false;plains;1
1929;235;235;220;land;true;plains;1
1930;95;95;231;land;false;mountain;1
1931;75;101;250;land;true;plains;1
1932;45;41;250;land;false;mountain;1
1933;132;29;29;sea;false;ocean;1
1934;132;109;109;sea;false;ocean;1
1935;132;189;189;sea;false;ocean;1
1936;132;59;59;sea;true;ocean;1
1937;35;51;250;land;true;hills;1
1938;3;245;255;lake;false;lakes;1
1939;25;25;230;land;false;plains;1
1940;65;65;220;land;true;plains;1
1941;85;85;220;land;false;plains;1
1942;35;111;250;land;true;plains;1
1943;7;15;255;lake;false;lakes;1
1944;0;30;250;land;false;mountain;1
1945;45;51;250;land;true;plains;1
1946;35;40;250;land;false;mountain;1
1947;15;15;240;land;false;plains;1
1948;95;95;220;land;false;plains;1
1949;0;100;250;land;true;plains;1
1950;3;235;255;lake;false;lakes;1
1951;7;25;255;lake;false;lakes;1
1952;0;0;250;land;false;plains;1
1953;55;101;250;land;true;plains;1
1954;55;51;250;land;true;plains;1
1955;115;101;250;land;true;plains;1
1956;228;255;255;land;false;plains;1
1957;228;247;247;land;false;plains;1
1958;228;237;237;land;true;plains;1
1959;25;40;250;land;true;plains;1
1960;95;101;250;land;true;plains;1
1961;45;111;250;land;true;plains;1
1962;0;0;240;land;false;plains;1
1963;7;35;255;lake;false;lakes;1
1964;75;75;220;land;false;plains;1
1965;105;101;250;land;true;plains;1
1966;105;51;250;land;false;mountain;1
1967;95;51;250;land;true;mountain;1
1968;15;30;250;land;true;plains;1
1969;235;30;250;land;true;plains;1
1970;55;55;220;land;true;plains;1
1971;92;159;159;sea;true;ocean;1
1972;215;111;250;land;true;plains;1
1973;0;0;230;land;false;plains;1
1974;15;15;250;land;true;plains;1
1975;15;51;250;land;true;plains;1
1976;35;35;240;land;true;plains;1
1977;92;39;39;sea;true;ocean;1
1978;65;51;250;land;true;plains;1
1979;125;101;250;land;true;plains;1
1980;7;45;255;lake;false;lakes;1
1981;65;111;250;land;true;plains;1
1982;135;51;250;land;true;hills;1
1983;115;51;250;land;false;plains;1
1984;25;25;240;land;true;plains;1
1985;225;111;250;land;true;plains;1
1986;55;111;250;land;true;plains;1
1987;7;55;255;lake;false;lakes;1
1988;55;55;230;land;true;plains;1
1989;228;207;207;land;false;plains;1
1990;35;35;230;land;true;plains;1
1991;125;51;250;land;false;hills;1
1992;7;75;255;lake;false;lakes;1
1993;7;65;255;lake;false;lakes;1
1994;75;51;250;land;true;plains;1
1995;22;99;99;sea;true;ocean;1
1996;0;0;17;land;false;plains;1
1997;8;8;17;land;false;plains;1
1998;16;16;17;land;false;plains;1
1999;228;227;227;land;false;plains;1
2000;228;217;217;land;false;plains;1
2001;7;95;255;lake;false;lakes;1
2002;92;129;129;sea;true;ocean;1
2003;25;51;250;land;true;plains;1
2004;145;51;250;land;true;forest;1
2005;7;105;255;lake;false;lakes;1
2006;235;111;250;land;true;plains;1
2007;7;85;255;lake;false;lakes;1
2008;22;79;79;sea;false;ocean;1
2009;92;69;69;sea;false;ocean;1
2010;24;24;17;land;true;plains;1
2011;32;32;17;land;false;plains;1
2012;40;40;17;land;false;plains;1
2013;75;111;250;land;true;plains;1
2014;0;50;250;land;false;hills;1
2015;0;110;250;land;true;plains;1
2016;7;115;255;lake;false;lakes;1
2017;85;51;250;land;true;plains;1
2018;132;9;9;sea;false;ocean;1
2019;132;89;89;sea;false;ocean;1
2020;132;169;169;sea;false;ocean;1
2021;132;19;19;sea;true;ocean;1
2022;45;61;250;land;true;plains;1
2023;85;111;250;land;true;plains;1
2024;105;111;250;land;true;plains;1
2025;55;61;250;land;true;plains;1
2026;35;61;250;land;false;hills;1
2027;238;255;255;land;false;plains;1
2028;238;247;247;land;false;plains;1
2029;238;237;237;land;true;plains;1
2030;92;189;189;sea;false;ocean;1
2031;65;61;250;land;false;hills;1
2032;7;125;255;lake;false;lakes;1
2033;7;185;255;lake;false;lakes;1
2034;7;165;255;lake;false;lakes;1
2035;15;61;250;land;true;plains;1
2036;7;135;255;lake;false;lakes;1
2037;22;59;59;sea;false;ocean;1
2038;22;69;69;sea;true;ocean;1
2039;7;145;255;lake;false;lakes;1
2040;95;111;250;land;true;plains;1
2041;115;111;250;land;true;plains;1
2042;7;155;255;lake;false;lakes;1
2043;0;60;250;land;false;hills;1
2044;7;225;255;lake;false;lakes;1
2045;25;71;250;land;true;plains;1
2046;7;175;255;lake;false;lakes;1
2047;115;61;250;land;true;hills;1
2048;238;207;207;land;false;plains;1
2049;0;70;250;land;false;hills;1
2050;7;195;255;lake;false;lakes;1
2051;7;205;255;lake;false;lakes;1
2052;125;111;250;land;true;plains;1
2053;0;0;7;land;false;plains;1
2054;8;8;7;land;false;plains;1
2055;16;16;7;land;false;plains;1
2056;232;139;139;sea;true;ocean;1
2057;232;119;119;sea;false;ocean;1
2058;232;99;99;sea;false;ocean;1
2059;75;61;250;land;false;hills;1
2060;238;227;227;land;false;plains;1
2061;238;217;217;land;false;plains;1
2062;35;71;250;land;true;plains;1
2063;55;71;250;land;false;plains;1
2064;23;9;9;sea;false;ocean;1
2065;24;24;7;land;true;plains;1
2066;32;32;7;land;false;plains;1
2067;40;40;7;land;false;plains;1
2068;105;61;250;land;true;plains;1
2069;95;61;250;land;true;plains;1
2070;7;215;255;lake;false;lakes;1
2071;85;61;250;land;true;plains;1
2072;52;159;159;sea;true;ocean;1
2073;52;52;52;sea;false;ocean;1
2074;52;9;9;sea;true;ocean;1
2075;52;99;99;sea;false;ocean;1
2076;222;149;149;sea;false;ocean;1
2077;222;39;39;sea;false;ocean;1
2078;222;189;189;sea;false;ocean;1
2079;222;99;99;sea;false;ocean;1
2080;222;222;222;sea;true;ocean;1
2081;45;71;250;land;true;plains;1
2082;15;71;250;land;true;plains;1
2083;248;255;255;land;false;plains;1
2084;248;247;247;land;false;plains;1
2085;248;237;237;land;true;plains;1
2086;25;81;250;land;true;plains;1
2087;22;189;189;sea;false;ocean;1
2088;15;81;250;land;true;plains;1
2089;195;81;250;land;true;plains;1
2090;248;207;207;land;false;plains;1
2091;105;81;250;land;true;plains;1
2092;0;0;0;land;false;plains;1
2093;8;8;0;land;false;plains;1
2094;16;16;0;land;false;plains;1
2095;232;59;59;sea;true;ocean;1
2096;232;39;39;sea;false;ocean;1
2097;232;9;9;sea;false;ocean;1
2098;52;229;229;sea;false;ocean;1
2099;52;79;79;sea;false;ocean;1
2100;222;9;9;sea;false;ocean;1
2101;222;69;69;sea;false;ocean;1
2102;222;119;119;sea;true;ocean;1
2103;248;227;227;land;false;plains;1
2104;248;217;217;land;false;plains;1
2105;115;81;250;land;true;plains;1
2106;125;81;250;land;true;plains;1
2107;22;209;209;sea;false;ocean;1
2108;24;24;0;land;true;plains;1
2109;32;32;0;land;false;plains;1
2110;40;40;0;land;false;plains;1
2111;0;81;250;land;true;plains;1
2112;45;81;250;land;true;plains;1
2113;23;19;19;sea;false;ocean;1
2114;222;169;169;sea;false;ocean;1
2115;222;209;209;sea;false;ocean;1
2116;55;81;250;land;true;plains;1
2117;35;81;250;land;true;plains;1
2118;65;81;250;land;true;plains;1
2119;85;81;250;land;true;plains;1
2120;75;81;250;land;true;plains;1
2121;95;81;250;land;true;plains;1
2122;250;111;165;land;true;plains;1
2123;61;225;225;land;false;plains;1
2124;141;235;235;land;true;plains;1
2125;141;75;75;land;true;plains;1
2126;250;152;245;land;false;plains;1
2127;250;164;15;land;false;plains;1
2128;235;235;181;land;false;plains;1
2129;235;192;235;land;true;plains;1
2130;111;25;25;land;true;plains;1
2131;250;91;15;land;false;plains;1
2132;250;121;145;land;false;plains;1
2133;235;140;140;land;true;urban;1
2134;83;99;99;sea;true;ocean;1
2135;63;9;9;sea;true;ocean;1
2136;63;199;199;sea;true;ocean;1
2137;63;99;99;sea;true;ocean;1
2138;139;80;80;land;true;plains;1
2139;162;80;80;land;true;plains;1
2140;32;128;128;sea;true;ocean;1
2141;32;88;88;sea;true;ocean;1
2142;250;125;250;land;false;hills;1
2143;250;145;250;land;false;hills;1
2144;32;58;58;sea;true;ocean;1
2145;250;105;250;land;false;mountain;1
2146;32;28;28;sea;true;ocean;1
2147;250;85;250;land;true;urban;1
2148;32;179;19;sea;true;ocean;1
2149;32;179;89;sea;true;ocean;1
2150;32;119;29;sea;true;ocean;1
2151;32;159;59;sea;true;ocean;1
2152;32;119;89;sea;true;ocean;1
2153;32;159;19;sea;true;ocean;1
2154;32;159;79;sea;true;ocean;1
2155;32;119;59;sea;true;ocean;1
2156;32;159;119;sea;true;ocean;1
2157;32;89;229;sea;true;ocean;1
2158;32;69;139;sea;true;ocean;1
2159;32;69;219;sea;false;ocean;1
2160;32;69;169;sea;false;ocean;1
2161;32;79;229;sea;true;ocean;1
2162;32;69;249;sea;false;ocean;1
2163;32;69;99;sea;true;ocean;1
2164;32;9;59;sea;true;ocean;1
2165;32;9;139;sea;true;ocean;1
2166;32;49;229;sea;true;ocean;1
2167;32;69;9;sea;true;ocean;1
2168;32;9;89;sea;true;ocean;1
2169;32;9;199;sea;true;ocean;1
2170;32;79;239;sea;true;ocean;1
2171;33;29;79;sea;true;ocean;1
2172;33;29;119;sea;true;ocean;1
2173;33;29;199;sea;true;ocean;1
2174;32;9;239;sea;true;ocean;1
2175;32;159;239;sea;true;ocean;1
2176;33;29;159;sea;true;ocean;1
2177;32;139;219;sea;true;ocean;1
2178;32;139;79;sea;true;ocean;1
2179;32;139;9;sea;true;ocean;1
2180;32;219;9;sea;true;ocean;1
2181;32;219;99;sea;true;ocean;1
2182;32;159;49;sea;true;ocean;1
2183;32;219;49;sea;true;ocean;1
2184;82;199;129;sea;true;ocean;1
2185;82;229;59;sea;true;ocean;1
2186;82;19;129;sea;true;ocean;1
2187;82;189;59;sea;true;ocean;1
2188;82;9;59;sea;true;ocean;1
2189;82;89;9;sea;true;ocean;1
2190;82;149;9;sea;true;ocean;1
2191;83;179;99;sea;true;ocean;1
2192;82;9;39;sea;true;ocean;1
2193;82;9;99;sea;true;ocean;1
2194;82;89;39;sea;true;ocean;1
2195;82;59;99;sea;true;ocean;1
2196;42;99;99;sea;false;ocean;1
2197;142;179;49;sea;true;ocean;1
2198;42;159;19;sea;true;ocean;1
2199;142;49;129;sea;true;ocean;1
2200;142;9;129;sea;true;ocean;1
2201;142;9;49;sea;true;ocean;1
2202;42;89;19;sea;true;ocean;1
2203;42;79;9;sea;true;ocean;1
2204;202;239;9;sea;true;ocean;1
2205;202;49;9;sea;true;ocean;1
2206;202;159;79;sea;true;ocean;1
2207;202;9;79;sea;true;ocean;1
2208;202;99;9;sea;true;ocean;1
2209;202;159;9;sea;true;ocean;1
2210;202;79;9;sea;true;ocean;1
2211;12;9;39;sea;true;ocean;1
2212;202;119;9;sea;true;ocean;1
2213;202;199;9;sea;true;ocean;1
2214;12;159;79;sea;true;ocean;1
2215;202;109;9;sea;true;ocean;1
2216;162;29;99;sea;true;ocean;1
2217;162;19;99;sea;true;ocean;1
2218;162;39;99;sea;true;ocean;1
2219;162;9;99;sea;true;ocean;1
2220;162;159;99;sea;true;ocean;1
2221;162;49;99;sea;true;ocean;1
2222;162;79;99;sea;true;ocean;1
2223;162;59;99;sea;true;ocean;1
2224;162;159;79;sea;true;ocean;1
2225;162;9;79;sea;true;ocean;1
2226;162;19;79;sea;true;ocean;1
2227;162;29;79;sea;true;ocean;1
2228;162;59;19;sea;true;ocean;1
2229;162;89;19;sea;true;ocean;1
2230;62;89;19;sea;true;ocean;1
2231;62;9;49;sea;true;ocean;1
2232;63;9;99;sea;true;ocean;1
2233;63;29;99;sea;true;ocean;1
2234;62;59;9;sea;true;ocean;1
2235;152;159;79;sea;true;ocean;1
2236;152;9;79;sea;true;ocean;1
2237;152;9;109;sea;true;ocean;1
2238;152;59;109;sea;true;ocean;1
2239;112;89;19;sea;true;ocean;1
2240;112;219;19;sea;true;ocean;1
2241;112;59;19;sea;true;ocean;1
2242;112;29;19;sea;true;ocean;1
2243;112;9;49;sea;true;ocean;1
2244;112;89;49;sea;true;ocean;1
2245;92;39;9;sea;true;ocean;1
2246;92;89;9;sea;true;ocean;1
2247;92;9;159;sea;true;ocean;1
2248;92;9;39;sea;true;ocean;1
2249;92;19;159;sea;true;ocean;1
2250;92;59;159;sea;true;ocean;1
2251;92;9;129;sea;true;ocean;1
2252;92;59;129;sea;true;ocean;1
2253;92;29;159;sea;true;ocean;1
2254;92;89;159;sea;true;ocean;1
2255;122;129;9;sea;true;ocean;1
2256;242;9;179;sea;true;ocean;1
2257;242;29;139;sea;true;ocean;1
2258;122;89;9;sea;true;ocean;1
2259;242;49;79;sea;true;ocean;1
2260;122;49;9;sea;true;ocean;1
2261;242;79;9;sea;true;ocean;1
2262;242;9;139;sea;true;ocean;1
2263;242;19;79;sea;true;ocean;1
2264;242;9;79;sea;true;ocean;1
2265;122;9;89;sea;true;ocean;1
2266;242;49;9;sea;true;ocean;1
2267;122;49;89;sea;true;ocean;1
2268;122;29;89;sea;true;ocean;1
2269;122;79;39;sea;true;ocean;1
2270;123;39;69;sea;true;ocean;1
2271;123;9;69;sea;true;ocean;1
2272;123;19;69;sea;true;ocean;1
2273;72;159;9;sea;true;ocean;1
2274;72;79;9;sea;true;ocean;1
2275;72;59;9;sea;true;ocean;1
2276;72;99;9;sea;true;ocean;1
2277;72;9;39;sea;true;ocean;1
2278;72;29;39;sea;true;ocean;1
2279;102;89;9;sea;true;ocean;1
2280;102;79;9;sea;true;ocean;1
2281;102;159;9;sea;true;ocean;1
2282;72;19;39;sea;true;ocean;1
2283;102;69;9;sea;true;ocean;1
2284;72;99;39;sea;true;ocean;1
2285;102;99;9;sea;true;ocean;1
2286;102;29;49;sea;true;ocean;1
2287;102;9;49;sea;true;ocean;1
2288;102;199;49;sea;true;ocean;1
2289;102;39;9;sea;true;ocean;1
2290;102;19;49;sea;true;ocean;1
2291;102;69;49;sea;true;ocean;1
2292;102;239;49;sea;true;ocean;1
2293;102;59;119;sea;true;ocean;1
2294;102;9;69;sea;true;ocean;1
2295;102;99;49;sea;true;ocean;1
2296;102;9;119;sea;true;ocean;1
2297;102;179;49;sea;true;ocean;1
2298;102;19;69;sea;true;ocean;1
2299;102;29;69;sea;true;ocean;1
2300;102;9;39;sea;true;ocean;1
2301;102;49;119;sea;true;ocean;1
2302;102;99;69;sea;true;ocean;1
2303;102;39;119;sea;true;ocean;1
2304;102;79;119;sea;true;ocean;1
2305;122;9;39;sea;true;ocean;1
2306;122;19;39;sea;true;ocean;1
2307;102;179;19;sea;true;ocean;1
2308;102;149;19;sea;true;ocean;1
2309;102;239;249;sea;true;ocean;1
2310;102;169;19;sea;true;ocean;1
2311;102;69;249;sea;true;ocean;1
2312;102;219;119;sea;true;ocean;1
2313;102;189;19;sea;true;ocean;1
2314;102;199;19;sea;true;ocean;1
2315;102;19;249;sea;true;ocean;1
2316;102;169;249;sea;true;ocean;1
2317;102;159;249;sea;true;ocean;1
2318;102;209;19;sea;true;ocean;1
2319;102;29;249;sea;true;ocean;1
2320;102;239;19;sea;true;ocean;1
2321;102;229;19;sea;true;ocean;1
2322;102;39;249;sea;true;ocean;1
2323;102;219;19;sea;true;ocean;1
2324;102;99;249;sea;true;ocean;1
2325;102;249;19;sea;true;ocean;1
2326;102;19;149;sea;true;ocean;1
2327;102;239;149;sea;true;ocean;1
2328;102;209;149;sea;true;ocean;1
2329;102;219;149;sea;true;ocean;1
2330;102;169;149;sea;true;ocean;1
2331;102;199;149;sea;true;ocean;1
2332;102;249;149;sea;true;ocean;1
2333;102;69;149;sea;true;ocean;1
2334;102;9;29;sea;true;ocean;1
2335;102;39;149;sea;true;ocean;1
2336;22;19;159;sea;true;ocean;1
2337;22;59;129;sea;true;ocean;1
2338;22;9;159;sea;true;ocean;1
2339;22;39;159;sea;true;ocean;1
2340;22;29;159;sea;true;ocean;1
2341;22;9;129;sea;true;ocean;1
2342;22;59;159;sea;true;ocean;1
2343;22;49;159;sea;true;ocean;1
2344;22;119;159;sea;true;ocean;1
2345;22;69;159;sea;true;ocean;1
2346;22;179;159;sea;true;ocean;1
2347;22;109;159;sea;true;ocean;1
2348;22;99;159;sea;true;ocean;1
2349;22;89;159;sea;true;ocean;1
2350;22;219;159;sea;true;ocean;1
2351;22;199;159;sea;true;ocean;1
2352;22;9;99;sea;true;ocean;1
2353;22;249;159;sea;true;ocean;1
2354;22;159;69;sea;true;ocean;1
2355;22;29;99;sea;true;ocean;1
2356;22;79;99;sea;true;ocean;1
2357;22;39;99;sea;true;ocean;1
2358;22;49;99;sea;true;ocean;1
2359;52;19;159;sea;true;ocean;1
2360;52;9;159;sea;true;ocean;1
2361;52;59;159;sea;true;ocean;1
2362;52;189;9;sea;true;ocean;1
2363;52;19;9;sea;true;ocean;1
2364;52;239;9;sea;true;ocean;1
2365;52;29;9;sea;true;ocean;1
2366;52;119;9;sea;true;ocean;1
2367;52;159;9;sea;true;ocean;1
2368;52;139;9;sea;true;ocean;1
2369;52;99;9;sea;true;ocean;1
2370;52;49;9;sea;true;ocean;1
2371;52;79;9;sea;true;ocean;1
2372;22;239;69;sea;true;ocean;1
2373;22;129;99;sea;true;ocean;1
2374;52;79;159;sea;true;ocean;1
2375;60;195;195;land;true;urban;1
2376;140;225;225;land;true;plains;1
2377;141;5;5;land;true;plains;1
2378;250;61;45;land;false;plains;1
2379;250;61;25;land;false;plains;1
2380;250;60;255;land;false;urban;1
2381;10;235;235;land;false;urban;1
2382;20;245;245;land;true;urban;1
2383;20;185;185;land;true;plains;1
2384;20;215;215;land;true;plains;1
2385;30;245;245;land;true;urban;1
2386;250;80;255;land;false;urban;1
2387;40;255;255;land;true;urban;1
2388;60;255;255;land;false;urban;1
2389;50;215;215;land;false;urban;1
2390;80;225;225;land;true;urban;1
2391;110;255;255;land;false;urban;1
2392;110;215;215;land;true;urban;1
2393;100;225;225;land;false;urban;1
2394;160;205;205;land;false;urban;1
2395;190;255;255;land;false;urban;1
2396;180;195;195;land;false;plains;1
2397;190;205;205;land;false;urban;1
2398;190;85;85;land;false;plains;1
2399;40;175;175;land;false;plains;1
2400;250;41;255;land;false;urban;1
2401;200;255;255;land;false;urban;1
2402;150;245;245;land;false;urban;1
2403;150;225;225;land;falese;urban;1
2404;140;255;255;land;false;urban;1
2405;220;245;245;land;true;urban;1
2406;210;255;255;land;true;urban;1
2407;250;42;255;land;false;urban;1
2408;250;140;255;land;true;urban;1
2409;250;154;255;land;true;urban;1
2410;255;200;200;land;false;urban;1
2411;255;240;240;land;false;urban;1
2412;235;240;240;land;true;urban;1
2413;185;250;250;land;true;plains;1
2414;255;250;250;land;true;urban;1
2415;255;220;220;land;false;urban;1
2416;255;160;160;land;false;urban;1
2417;255;140;140;land;true;urban;1
2418;155;140;140;land;true;hills;1
2419;255;40;40;land;false;urban;1
2420;250;181;255;land;true;urban;1
2421;250;210;255;land;false;urban;1
2422;235;235;120;land;false;urban;1
2423;245;245;121;land;false;urban;1
2424;185;205;200;land;true;urban;1
2425;205;205;200;land;true;uban;1
2426;175;11;250;land;true;hills;1
2427;225;11;250;land;true;hills;1
2428;95;30;250;land;false;hills;1
2429;175;30;250;land;false;hills;1
2430;135;30;250;land;false;hills;1
2431;165;61;250;land;true;hills;1
2432;175;61;250;land;false;hills;1
2433;185;61;250;land;true;hills;1
2434;195;61;250;land;false;hills;1
2435;255;11;255;land;false;urban;1
